{"location_data": [
    {
        "place_details": "Sunnyvale,Santa Clara,California,United States",
        "coordinates": {
            "horizontal_accuracy": 7457,
            "latitude": 37.371609,
            "longitude": -122.038254
        },
        "data_category": ["declared"],
        "source": "Yahoo",
        "detect_time": "2014-05-03 00:00:00",
        "location_type": ["place"]
    },
    {
        "place_details": "Cebu,Central Visayas,Philippines",
        "data_category": ["inferred_home"],
        "location_type": ["place"]
    },
    {
        "place_details": "Cebu,Central Visayas,Philippines",
        "data_category": ["inferred_work"],
        "location_type": ["place"]
    },
    {
        "place_details": "6000,San Antonio Pob.,Cebu,Central Visayas,Philippines",
        "data_category": ["inferred"],
        "location_type": ["place"]
    },
    {
        "place_details": "6001,Casili,Cebu,Central Visayas,Philippines",
        "data_category": ["inferred"],
        "location_type": ["place"]
    }
]}