{
    "$schema": "http://json-schema.org/draft-06/schema#",
    "schemaType": "subjectAccessRequest",
    "categoryData": {
        "thirdParty": ["Product does not share your personal information for commercial purposes"],
        "sharedData": ["Product does not share your personal information for commercial purposes"],
        "businessPurpose": [
            "Security",
            "Research"
        ],
        "disclosedData": [
            "Technical Identifiers",
            "Geolocation Information",
            "Advertising Inferences",
            "Content Inferences"
        ],
        "collectedData": [
            "Technical Identifiers",
            "Geolocation Information"
        ],
        "serviceProvider": [
            "Analytics Providers",
            "Application Providers",
            "Advertising External Parties",
            "Search External Parties"
        ],
        "source": [
            "Verizon Media websites and apps",
            "External party websites and apps where Verizon Media technologies serves content or ads or measurement",
            "External Party Data Partners",
            "Verizon Media Analytics Services"
        ],
        "commercialPurpose": ["Product does not share your personal information for commercial purposes"],
        "productName": "Location Platform"
    },
    "description": "Location Platform privacy Dashboard Schema for user location data and associated device info",
    "additionalProperties": false,
    "title": "Location platform privacy Dashboard Schema",
    "definitions": {"motion_sensor": {
        "description": "Motion sensor readings from accelerometer or gyroscope",
        "additionalProperties": false,
        "type": "object",
        "title": "Motion sensor",
        "properties": {
            "x": {
                "description": "The reading along x axis",
                "type": "number",
                "title": "x"
            },
            "y": {
                "description": "The reading along y axis",
                "type": "number",
                "title": "y"
            },
            "z": {
                "description": "The reading along z axis",
                "type": "number",
                "title": "z"
            },
            "magnitude": {
                "description": "The magnitude",
                "type": "number",
                "title": "magnitude"
            },
            "ts": {
                "description": "The reading timestamp in millisecond",
                "type": "number",
                "title": "ts"
            }
        }
    }},
    "properties": {"location_data": {
        "description": "User's location data",
        "type": "array",
        "title": "User's location data",
        "items": {
            "description": "A Single location event data",
            "additionalProperties": false,
            "type": "object",
            "properties": {
                "roaming": {
                    "description": "Is the source device connected roaming",
                    "type": "boolean",
                    "title": "Roaming"
                },
                "os": {
                    "description": "The source device operating system details like name and version",
                    "type": "string",
                    "title": "Device OS"
                },
                "bearing": {
                    "description": "Bearing in degrees of the source device, generated from GPS reading",
                    "type": "number",
                    "title": "Speed"
                },
                "coordinates": {
                    "description": "The coordinate of location",
                    "additionalProperties": false,
                    "type": "object",
                    "title": "Geo Coordinate",
                    "properties": {
                        "altitude": {
                            "description": "The altitude of coordinate",
                            "type": "number",
                            "title": "Altitude"
                        },
                        "horizontal_accuracy": {
                            "description": "The horizontal location accuracy radius in meter",
                            "type": "number",
                            "title": "Horizontal Accuracy"
                        },
                        "vertical_accuracy": {
                            "description": "The vertical location accuracy radius in meter",
                            "type": "number",
                            "title": "Vertical Accuracy"
                        },
                        "latitude": {
                            "description": "The latitude of coordinate",
                            "type": "number",
                            "title": "Latitude"
                        },
                        "longitude": {
                            "description": "The longitude of coordinate",
                            "type": "number",
                            "title": "Longitude"
                        }
                    },
                    "required": [
                        "latitude",
                        "longitude"
                    ]
                },
                "data_category": {
                    "description": "The location data category can be declared, observed or inferred(home/work). The declared location is the 'liked' or 'saved' location by user at Yahoo websites or apps, the observed location is captured from various mobile app or browser and the inferred location is derived place based on past network activities",
                    "type": "array",
                    "title": "Data Category",
                    "items": {"enum": [
                        "declared",
                        "observed",
                        "inferred",
                        "inferred_home",
                        "inferred_work"
                    ]}
                },
                "ip_address": {
                    "description": "The detected user's IP address",
                    "type": "string",
                    "title": "IP address"
                },
                "source": {
                    "description": "The location source application (like Weather app) or platform (like Yahoo ads) details",
                    "type": "string",
                    "title": "Source Name"
                },
                "locale": {
                    "description": "The source device locale and language",
                    "type": "string",
                    "title": "Device local"
                },
                "location_type": {
                    "minItems": 1,
                    "maxItems": 1,
                    "description": "The location type can be a point or a place. The point type is derived out of geo coordinates. The place type is derived out of other than geo coordinates like place name or IP-location.",
                    "type": "array",
                    "title": "Location Type",
                    "items": {"enum": [
                        "place",
                        "point"
                    ]}
                },
                "speed": {
                    "description": "Speed of the source device in meters per second, generated from GPS reading",
                    "type": "number",
                    "title": "Speed"
                },
                "gyroscope": {
                    "description": "The source device's Gyroscope reading along x, y, z axis, magnitude and timestamp in milliseconds",
                    "type": "object",
                    "title": "Gyroscope reading",
                    "$ref": "#/definitions/motion_sensor"
                },
                "place_details": {
                    "description": "The place details consist of place name, postal code, city, county, state and country",
                    "type": "string",
                    "title": "Place Details"
                },
                "airplane_mode": {
                    "description": "Is the source device connected in Airplane mode",
                    "type": "boolean",
                    "title": "Airplane mode"
                },
                "cell_connected": {
                    "description": "Is the source device connected to cell tower",
                    "type": "boolean",
                    "title": "Cell Connected"
                },
                "accelerometer": {
                    "description": "The source device's Accelerometer force reading along x, y, z axis in meter/second square, magnitude and timestamp in milliseconds",
                    "type": "object",
                    "title": "Accelerometer reading",
                    "$ref": "#/definitions/motion_sensor"
                },
                "wifi_connected": {
                    "description": "Is the source device connected to WIFI",
                    "type": "boolean",
                    "title": "Wifi Connected"
                },
                "cell_carrier": {
                    "description": "The source device connected carrier service info",
                    "type": "string",
                    "title": "Cell Carrier"
                },
                "detect_time": {
                    "description": "The time this location event in UTC",
                    "type": "string",
                    "title": "Location detected time"
                },
                "device": {
                    "description": "The source device model name, manufacturer, brand, display_name",
                    "type": "string",
                    "title": "Device OS"
                },
                "real_world_event": {
                    "description": "The tagged events(game, concert etc) based on location and time",
                    "type": "object",
                    "title": "Event details",
                    "properties": {
                        "venue": {
                            "description": "The Event venue info",
                            "type": "string",
                            "title": "Event place"
                        },
                        "event_name": {
                            "description": "The Event name",
                            "type": "string",
                            "title": "Event name"
                        }
                    }
                }
            },
            "required": [
                "place_details",
                "data_category",
                "location_type"
            ]
        }
    }},
    "$id": "http://www.yahoo.com/gdpr_user_location_v5#"
}