{"regions": [
    {
        "pointTypes": [
            {
                "depositPoints": [],
                "consumedPoints": [],
                "pointType": "kimochi"
            },
            {
                "depositPoints": [],
                "consumedPoints": [],
                "pointType": "ypoint"
            }
        ],
        "region": "apac"
    },
    {
        "pointTypes": [{
            "depositPoints": [],
            "consumedPoints": [],
            "pointType": "uspoint"
        }],
        "region": "us"
    }
]}