{
    "$schema": "http://json-schema.org/draft-06/schema#",
    "schemaType": "subjectAccessRequest",
    "description": "Membership related data, include points and rewards record",
    "title": "Yahoo Loyalty Reward Program",
    "properties": {"regions": {
        "description": "Point & Reward records",
        "type": "array",
        "title": "regions",
        "items": {
            "type": "object",
            "properties": {
                "pointTypes": {
                    "description": "The point types.",
                    "type": "array",
                    "title": "Point Types",
                    "items": {
                        "type": "object",
                        "properties": {
                            "depositPoints": {
                                "description": "List of points earned from completed tasks",
                                "type": "array",
                                "title": "List of earned points.",
                                "items": {
                                    "type": "object",
                                    "properties": {
                                        "amount": {
                                            "description": "Number of points earned.",
                                            "type": "number",
                                            "title": "Points Earned"
                                        },
                                        "activatedTs": {
                                            "description": "Date points activated.",
                                            "type": "string",
                                            "title": "Point Activation Date"
                                        },
                                        "description": {
                                            "description": "Name of the task for point earned.",
                                            "type": "string",
                                            "title": "Task Name"
                                        },
                                        "appliedTenants": {
                                            "description": "The tenants that can be applied to this point.",
                                            "type": "string",
                                            "title": "Eligible Tenants"
                                        },
                                        "createdTs": {
                                            "description": "Date points earned.",
                                            "type": "string",
                                            "title": "Points Creation Date"
                                        },
                                        "expiredTs": {
                                            "description": "Date points will expire.",
                                            "type": "string",
                                            "title": "Points Expiration Date"
                                        }
                                    }
                                }
                            },
                            "consumedPoints": {
                                "description": "A List of points consumed by exchanging goods, coupons, or discounts.",
                                "type": "array",
                                "title": "List of consumed points.",
                                "items": {
                                    "type": "object",
                                    "properties": {
                                        "amount": {
                                            "description": "Number of points earned.",
                                            "type": "number",
                                            "title": "Points Earned"
                                        },
                                        "description": {
                                            "description": "Name of the task for point earned.",
                                            "type": "string",
                                            "title": "Task Name"
                                        },
                                        "appliedTenants": {
                                            "description": "The tenants that can be applied to this point.",
                                            "type": "string",
                                            "title": "Eligible Tenants"
                                        },
                                        "createdTs": {
                                            "description": "Date points earned.",
                                            "type": "string",
                                            "title": "Points Creation Date"
                                        }
                                    }
                                }
                            },
                            "pointType": {
                                "description": "The point type you earned or consumed.",
                                "type": "string",
                                "title": "Point Type"
                            }
                        }
                    }
                },
                "region": {
                    "description": "The region where your points earned or consumed.",
                    "type": "string",
                    "title": "Region Name"
                }
            }
        }
    }},
    "$id": "http://www.yahoo.com/v1/schemas/subject#"
}