{
    "$schema": "http://json-schema.org/draft-06/schema#",
    "schemaType": "subjectAccessRequest",
    "description": "Audience data for ad targeting",
    "title": "Personalized Advertising > My Profile (Part 1 of 2)",
    "properties": {
        "demo": {
            "description": "Demo information from Best Known Demo",
            "additionalProperties": false,
            "type": "object",
            "title": "Demo",
            "properties": {
                "gender_is_inferred": {
                    "default": null,
                    "oneOf": [
                        {"type": "null"},
                        {"type": "boolean"}
                    ],
                    "description": "Was this gender inferred or is it known",
                    "title": "Is Inferred"
                },
                "age_is_inferred": {
                    "default": null,
                    "oneOf": [
                        {"type": "null"},
                        {"type": "boolean"}
                    ],
                    "description": "Was age inferred or is it known",
                    "title": "Age Is Inferred"
                },
                "gender_best_known": {
                    "default": null,
                    "oneOf": [
                        {"type": "null"},
                        {"type": "string"}
                    ],
                    "description": "What is our best guess for the gender",
                    "title": "Best Known Gender"
                },
                "gender": {
                    "default": null,
                    "oneOf": [
                        {"type": "null"},
                        {"type": "string"}
                    ]
                },
                "age_bucket": {
                    "default": null,
                    "oneOf": [
                        {"type": "null"},
                        {"type": "string"}
                    ],
                    "description": "What bucket does this age belong to",
                    "title": "Age Bucket"
                },
                "age_bucket_is_inferred": {
                    "default": null,
                    "oneOf": [
                        {"type": "null"},
                        {"type": "boolean"}
                    ],
                    "description": "Was this age bucket inferred or is it known",
                    "title": "Age Bucket Is Inferred"
                },
                "age_best_known": {
                    "default": null,
                    "oneOf": [
                        {"type": "null"},
                        {"type": "integer"}
                    ],
                    "description": "What is our best guess at age",
                    "title": "Best Known Age"
                },
                "age": {
                    "default": null,
                    "oneOf": [
                        {"type": "null"},
                        {"type": "integer"}
                    ],
                    "description": "Age for record",
                    "title": "Age"
                }
            }
        },
        "segments": {
            "description": "Audience the user belongs to",
            "type": "array",
            "title": "Audience",
            "items": {"oneOf": [
                {
                    "description": "You are classified as part of this audience based on data licensed from a third party",
                    "additionalProperties": false,
                    "title": "Third-Party Licensed Audience",
                    "type": "object",
                    "required": [
                        "description",
                        "name",
                        "provider"
                    ],
                    "properties": {
                        "advertiser": {
                            "description": "Name of the advertiser using this audience",
                            "type": "string",
                            "title": "Advertiser Name"
                        },
                        "provider": {
                            "description": "Name of the third-party that Oath licensed the interest category data that applies to you",
                            "type": "string",
                            "title": "Data Provider Name"
                        },
                        "name": {
                            "description": "The name of the interest category audience provided by the third-party",
                            "type": "string",
                            "title": "Interest Category Name"
                        },
                        "description": {"const": "You are classified as part of this audience based on data licensed from a third party"}
                    }
                },
                {
                    "description": "You are classified as part of this demographic audience based on data inferred from Oath",
                    "additionalProperties": false,
                    "title": "Best Known Demographic",
                    "type": "object",
                    "properties": {
                        "gender": {
                            "description": "Based on your online activities Oath has inferred your gender as",
                            "type": "string",
                            "title": "Inferred Gender"
                        },
                        "age_bucket": {
                            "description": "Based on your online activities Oath has inferred your age range as",
                            "type": "string",
                            "title": "Inferred Age Range"
                        },
                        "description": {"const": "You are classified as part of this demographic audience based on data inferred from Oath"},
                        "inferred_age": {
                            "description": "Based on your online activities Oath has inferred your age as",
                            "type": "integer",
                            "title": "Inferred Age"
                        }
                    }
                },
                {
                    "description": "You are classified as part of this Oath audience based on your online activities",
                    "additionalProperties": false,
                    "title": "Oath Audience",
                    "type": "object",
                    "required": [
                        "description",
                        "name"
                    ],
                    "properties": {
                        "name": {
                            "description": "The name of the Oath Audience",
                            "type": "string",
                            "title": "Oath Audience Name"
                        },
                        "description": {"const": "You are classified as part of this Oath audience based on your online activities"}
                    }
                },
                {
                    "description": "You are classified as part of this audience based on your online activities and because you are of interest to an advertiser",
                    "additionalProperties": false,
                    "title": "Oath Audience",
                    "type": "object",
                    "required": [
                        "description",
                        "advertiser"
                    ],
                    "properties": {
                        "advertiser": {
                            "description": "Name of the advertiser who created this audience ",
                            "type": "string",
                            "title": "Advertiser Name"
                        },
                        "description": {"const": "You are classified as part of this audience based on your online activities and because you are of interest to an advertiser"}
                    }
                },
                {
                    "description": "You are classified as part of this conversion rule audience based on your online activities and because you are of interest to an advertiser",
                    "additionalProperties": false,
                    "title": "Conversion Rule Audience",
                    "type": "object",
                    "required": [
                        "description",
                        "advertiser"
                    ],
                    "properties": {
                        "advertiser": {
                            "description": "Name of the advertiser who created this audience ",
                            "type": "string",
                            "title": "Advertiser Name"
                        },
                        "description": {"const": "You are classified as part of this conversion rule audience based on your online activities and because you are of interest to an advertiser"}
                    }
                },
                {
                    "description": "You are classified as part of this custom audience because you are a current or prospective customer an advertiser",
                    "additionalProperties": false,
                    "title": "Custom Audience ",
                    "type": "object",
                    "required": [
                        "description",
                        "advertiser"
                    ],
                    "properties": {
                        "advertiser": {
                            "description": "Name of the advertiser who created this audience ",
                            "type": "string",
                            "title": "Advertiser Name"
                        },
                        "description": {"const": "You are classified as part of this custom audience because you are a current or prospective customer an advertiser"}
                    }
                },
                {
                    "description": "You are classified as part of this audience because you exhibit behaviors similar to other customers of an advertiser",
                    "additionalProperties": false,
                    "title": "Lookalike Audience",
                    "type": "object",
                    "required": [
                        "description",
                        "advertiser"
                    ],
                    "properties": {
                        "advertiser": {
                            "description": "Name of the advertiser who created this audience ",
                            "type": "string",
                            "title": "Advertiser Name"
                        },
                        "description": {"const": "You are classified as part of this audience because you exhibit behaviors similar to other customers of an advertiser"}
                    }
                },
                {
                    "description": "You are classified as part of this audience based on incoming Mail",
                    "additionalProperties": false,
                    "title": "Mail Domain Retargeting",
                    "type": "object",
                    "required": [
                        "description",
                        "advertiser"
                    ],
                    "properties": {
                        "advertiser": {
                            "description": "Name of the advertiser who created this audience ",
                            "type": "string",
                            "title": "Advertiser Name"
                        },
                        "description": {"const": "You are classified as part of this audience based on incoming Mail"}
                    }
                },
                {
                    "description": "You are classified as part of this Oath audience based on incoming Mail",
                    "additionalProperties": false,
                    "title": "Mail Domain Retargeting",
                    "type": "object",
                    "required": [
                        "description",
                        "name"
                    ],
                    "properties": {
                        "name": {
                            "description": "The name of the Oath Audience",
                            "type": "string",
                            "title": "Oath Audience Name"
                        },
                        "description": {"const": "You are classified as part of this Oath audience based on incoming Mail"}
                    }
                },
                {
                    "description": "You are classified as part of an Oath audience based on Oath's prediction of your interests",
                    "additionalProperties": false,
                    "title": "Oath Taxonomy",
                    "type": "object",
                    "required": [
                        "description",
                        "name"
                    ],
                    "properties": {
                        "name": {
                            "description": "The name of the Oath Audience",
                            "type": "string",
                            "title": "Oath Taxonomy Audience Name"
                        },
                        "description": {"const": "You are classified as part of an Oath audience based on Oath's prediction of your interests"}
                    }
                },
                {
                    "description": "You are classified as part of this audience because you are a current or prospective customer of an advertiser",
                    "additionalProperties": false,
                    "title": "Partner Targeting Audience",
                    "type": "object",
                    "required": [
                        "description",
                        "advertiser"
                    ],
                    "properties": {
                        "advertiser": {
                            "description": "Name of the advertiser who created this audience ",
                            "type": "string",
                            "title": "Advertiser Name"
                        },
                        "description": {"const": "You are classified as part of this audience because you are a current or prospective customer of an advertiser"}
                    }
                },
                {
                    "description": "You are classified as part of this Oath location based audience because of your location at a point in time",
                    "additionalProperties": false,
                    "title": "Point of Interest Audience",
                    "type": "object",
                    "required": [
                        "description",
                        "name"
                    ],
                    "properties": {
                        "name": {
                            "description": "The name of the Oath Audience",
                            "type": "string",
                            "title": "Oath Audience Name"
                        },
                        "description": {"const": "You are classified as part of this Oath location based audience because of your location at a point in time"}
                    }
                },
                {
                    "description": "You are classified as part of this location at a point in time based audience because you are of interest to an advertiser",
                    "additionalProperties": false,
                    "title": "Point of Interest Audience",
                    "type": "object",
                    "required": [
                        "description",
                        "advertiser"
                    ],
                    "properties": {
                        "advertiser": {
                            "description": "Name of the advertiser who created this audience",
                            "type": "string",
                            "title": "Advertiser name"
                        },
                        "description": {"const": "You are classified as part of this location at a point in time based audience because you are of interest to an advertiser"}
                    }
                },
                {
                    "description": "The device you are currently using has been seen in association with other devices or web browsers in the same household, Oath may show you ads based on shared household interests",
                    "additionalProperties": false,
                    "title": "Household Identity Mapping",
                    "type": "object",
                    "required": [
                        "description",
                        "num_devices"
                    ],
                    "properties": {
                        "num_devices": {
                            "description": "The number of devices or browsers associated in the same household",
                            "type": "integer",
                            "title": "Number of Devices"
                        },
                        "description": {"const": "The device you are currently using has been seen in association with other devices or web browsers in the same household, Oath may show you ads based on shared household interests"}
                    }
                },
                {
                    "description": "You are classified as part of this Oath audience based on your purchase receipts in Mail",
                    "additionalProperties": false,
                    "title": "Mail Purchase Receipt",
                    "type": "object",
                    "required": [
                        "description",
                        "name"
                    ],
                    "properties": {
                        "name": {
                            "description": "The name of the Oath Audience",
                            "type": "string",
                            "title": "Oath Audience Name"
                        },
                        "description": {"const": "You are classified as part of this Oath audience based on your purchase receipts in Mail"}
                    }
                },
                {
                    "description": "You are of interest to an advertiser and where classified as part of this audience based on your purchase receipts in Mail",
                    "additionalProperties": false,
                    "title": "Mail Purchase Receipt",
                    "type": "object",
                    "required": [
                        "description",
                        "advertiser"
                    ],
                    "properties": {
                        "advertiser": {
                            "description": "Name of the advertiser who created this audience",
                            "type": "string",
                            "title": "Advertiser name"
                        },
                        "description": {"const": "You are of interest to an advertiser and where classified as part of this audience based on your purchase receipts in Mail"}
                    }
                },
                {
                    "description": "You are classified as part of this Oath audience based on your search activity",
                    "additionalProperties": false,
                    "title": "Keyword Search Audience",
                    "type": "object",
                    "required": [
                        "description",
                        "name"
                    ],
                    "properties": {
                        "name": {
                            "description": "The name of the Oath Audience",
                            "type": "string",
                            "title": "Oath Audience Name"
                        },
                        "description": {"const": "You are classified as part of this Oath audience based on your search activity"}
                    }
                },
                {
                    "description": "You are of interest an advertiser and were classified as part of this audience based on your search activity",
                    "additionalProperties": false,
                    "title": "Keyword Search Audience",
                    "type": "object",
                    "required": [
                        "description",
                        "advertiser"
                    ],
                    "properties": {
                        "advertiser": {
                            "description": "Name of the advertiser who created this audience",
                            "type": "string",
                            "title": "Advertiser name"
                        },
                        "description": {"const": "You are of interest an advertiser and were classified as part of this audience based on your search activity"}
                    }
                },
                {
                    "description": "You are classified as part of this Oath audience based on the type of mobile device you have used",
                    "additionalProperties": false,
                    "title": "Technographic Audience",
                    "type": "object",
                    "required": [
                        "description",
                        "name"
                    ],
                    "properties": {
                        "name": {
                            "description": "The name of the Oath Audience",
                            "type": "string",
                            "title": "Oath Audience Name"
                        },
                        "description": {"const": "You are classified as part of this Oath audience based on the type of mobile device you have used"}
                    }
                },
                {
                    "description": "We inferred products that you may be interested in based on your web browsing activities",
                    "additionalProperties": false,
                    "title": "Product History Prospecting",
                    "type": "object",
                    "required": [
                        "description",
                        "viewed_website"
                    ],
                    "properties": {
                        "description": {"const": "We inferred products that you may be interested in based on your web browsing activities"},
                        "viewed_website": {
                            "description": "Websites you browsed containing similar products",
                            "type": "string",
                            "title": "Viewed Website"
                        }
                    }
                },
                {
                    "description": "We inferred keywords based on your browsing activity",
                    "additionalProperties": false,
                    "title": "Keyword Profile",
                    "type": "object",
                    "required": [
                        "description",
                        "inferred_keywords"
                    ],
                    "properties": {
                        "description": {"const": "We inferred keywords based on your browsing activity"},
                        "websites": {
                            "description": "Websites browsed",
                            "type": "string",
                            "title": "Websites"
                        },
                        "inferred_keywords": {
                            "description": "Keywords inferred from your browsing activity",
                            "type": "string",
                            "title": "Inferred Keywords"
                        }
                    }
                }
            ]}
        }
    },
    "$id": "http://www.yahoo.com/ads_tgt_gup_schema_v5#"
}