{
    "$schema": "http://json-schema.org/draft-06/schema#",
    "schemaType": "subjectAccessRequest",
    "categoryData": {
        "thirdParty": ["Application Providers"],
        "sharedData": ["Internet or Electronic Network Activity Information"],
        "businessPurpose": ["Performing services on behalf of Verizon Media"],
        "disclosedData": [
            "Contact Information",
            "Internet or Electronic Network Activity Information"
        ],
        "collectedData": [
            "Contact Information",
            "Technical Identifiers",
            "Internet or Electronic Network Activity Information"
        ],
        "serviceProvider": ["Application Providers"],
        "source": [
            "Verizon Media websites and apps",
            "External Party Data Partners"
        ],
        "commercialPurpose": ["Fulfill User Requests"],
        "productName": "Charity (TW)"
    },
    "description": "TW Charity donor's profile and donation data",
    "title": "TW Charity Donor Summary",
    "properties": {
        "donor_data": {
            "description": "TW Charity donor's profile",
            "type": "object",
            "title": "Donor Profile",
            "properties": {
                "age_show": {
                    "description": "Disclose donor's age on public pages?",
                    "type": "string",
                    "title": "Disclose age to public"
                },
                "summary": {
                    "description": "A short description about the donor",
                    "type": "string",
                    "title": "About the donor"
                },
                "donated_sum": {
                    "description": "Total donation amount",
                    "type": "string",
                    "title": "Donated Amount"
                },
                "other_focus": {
                    "description": "Other welfare issues that the donor is interested in",
                    "type": "string",
                    "title": "Other Interest Category"
                },
                "company_show": {
                    "description": "Displaying donor's company name on public pages?",
                    "type": "string",
                    "title": "Disclose Company Name to public"
                },
                "focus": {
                    "description": "Welfare issues that the donor is interested in",
                    "type": "string",
                    "title": "Interest Category"
                },
                "born_year": {
                    "description": "Donor's birth year",
                    "type": "string",
                    "title": "Year of Birth"
                },
                "post": {
                    "description": "Donor's job title",
                    "type": "string",
                    "title": "Job Title"
                },
                "logo_link": {
                    "description": "Donor's profile image URL",
                    "type": "string",
                    "title": "Profile Image URL"
                },
                "nickname": {
                    "description": "Donor's nickname",
                    "type": "string",
                    "title": "Nickname"
                },
                "company": {
                    "description": "Donor's company name",
                    "type": "string",
                    "title": "Company Name"
                },
                "front_show": {
                    "description": "Displaying donor's information on public pages?",
                    "type": "string",
                    "title": "Disclose profile to public"
                },
                "post_show": {
                    "description": "Displaying donor's location on public pages?",
                    "type": "string",
                    "title": "Disclose Base/home Location to public"
                },
                "ifbook": {
                    "description": "Donor's preference on eDM subscription",
                    "type": "string",
                    "title": "Subscribe to eDM "
                },
                "donor_locate": {
                    "description": "Donor's registered base/home location",
                    "type": "string",
                    "title": "Base/home Location"
                },
                "project_num": {
                    "description": "Total number of projects donated",
                    "type": "integer",
                    "title": "Donation Count"
                }
            }
        },
        "donate_detail": {
            "description": "Donation detail",
            "type": "array",
            "title": "Donation detail",
            "properties": {"detail": {
                "description": "Detail data",
                "type": "object",
                "title": "Detail data",
                "properties": {
                    "amount": {
                        "description": "Donation amount",
                        "type": "string",
                        "title": "Donation Amount"
                    },
                    "donate_status": {
                        "description": "Donation status",
                        "type": "string",
                        "title": "Donation status"
                    },
                    "donate_time": {
                        "description": "Donation date time",
                        "type": "string",
                        "title": "Donation Time"
                    },
                    "project_name": {
                        "description": "Donation project name",
                        "type": "string",
                        "title": "Project name"
                    }
                }
            }}
        }
    },
    "$id": "http://www.yahoo.com/tw_charity_v7#"
}