{"Recent Activities": [
    {
        "article_headline": "Filipinos queue for face masks as country sees first coronavirus death outside China",
        "action": "View",
        "timestamp": "2020-02-09 23:51:27"
    },
    {
        "article_headline": "Exclusive: 'Shock and awe' has failed in Philippines drug war, enforcement chief saysReuters289 reactions",
        "action": "View",
        "timestamp": "2020-02-09 23:51:27"
    },
    {
        "article_headline": "One dead and 600 families left homeless in Philippines slum fire",
        "action": "View",
        "timestamp": "2020-02-09 23:51:27"
    },
    {
        "article_headline": "Filipino schoolboy amazes classmates with awesome dance moves",
        "action": "View",
        "timestamp": "2020-02-09 23:51:27"
    },
    {
        "article_headline": "ba559f6f-e6dc-361c-acec-9f14beb263ab",
        "action": "View",
        "timestamp": "2020-02-09 23:51:27"
    },
    {
        "article_headline": "d9609a77-5cb4-3468-be31-2d0f67b9287c",
        "action": "View",
        "timestamp": "2020-02-10 00:06:54"
    },
    {
        "article_headline": "ff44a734-918f-3ce9-a00c-c4885c14de2e",
        "action": "View",
        "timestamp": "2020-02-10 00:19:29"
    },
    {
        "article_headline": "c273a923-5dc7-3471-9ee7-b69053cf4135",
        "action": "View",
        "timestamp": "2020-02-10 00:19:29"
    },
    {
        "article_headline": "b5ff783e-3bad-3e08-a04f-33eae1643991",
        "action": "View",
        "timestamp": "2020-02-10 00:06:54"
    },
    {
        "article_headline": "8e7d2a4b-7f67-34a5-af9b-1dbff3590816",
        "action": "View",
        "timestamp": "2020-02-09 23:51:27"
    },
    {
        "article_headline": "6117940c-8926-31b3-bedf-f4c8ba77b580",
        "action": "View",
        "timestamp": "2020-02-09 23:51:27"
    },
    {
        "article_headline": "87c6a01e-d585-3ba2-8b43-708cd7265d12",
        "action": "View",
        "timestamp": "2020-02-09 23:51:27"
    },
    {
        "article_headline": "a44f479d-0234-36ca-a19e-335d4704e073",
        "action": "View",
        "timestamp": "2020-02-09 23:51:27"
    },
    {
        "article_headline": "d2ad2189-46fd-3ecb-912a-d8f2730fb9b4",
        "action": "View",
        "timestamp": "2020-02-10 00:06:54"
    },
    {
        "article_headline": "a2949ac0-a115-310a-8362-fd1100be19b9",
        "action": "View",
        "timestamp": "2020-02-10 00:06:54"
    },
    {
        "article_headline": "129b5940-b569-329b-ba47-e27f67851633",
        "action": "View",
        "timestamp": "2020-02-10 00:06:54"
    },
    {
        "article_headline": "2f69dcb0-7fb5-30a0-b534-807e0455e600",
        "action": "View",
        "timestamp": "2020-02-09 23:51:27"
    }
]}