{
    "$schema": "http://json-schema.org/draft-06/schema#",
    "schemaType": "subjectAccessRequest",
    "categoryData": {
        "thirdParty": ["Product does not share your personal information for commercial purposes"],
        "sharedData": ["Product does not share your personal information for commercial purposes"],
        "businessPurpose": ["Performing services on behalf of Verizon Media"],
        "disclosedData": [
            "Content Inferences",
            "Internet or Electronic Network Activity Information"
        ],
        "collectedData": [
            "Content Inferences",
            "Internet or Electronic Network Activity Information"
        ],
        "serviceProvider": ["Product does not disclose your personal information for business purposes"],
        "source": ["Verizon Media websites and apps"],
        "commercialPurpose": ["Product does not share your personal information for commercial purposes"]
    },
    "description": "Your Interests and Recent Activity on Yahoo webpages and apps",
    "additionalProperties": false,
    "title": "Interests and Recent Activity-Download all info",
    "properties": {
        "Newsroom App": {
            "description": "Interests captured from your browsing activity on the Yahoo News app (Newsroom)",
            "type": "array",
            "title": "Yahoo News App (Newsroom)",
            "items": {
                "description": "User interest",
                "type": "string",
                "title": "User Interest"
            }
        },
        "Yahoo Finance": {
            "description": "Interests captured from your browsing activity on finance.yahoo.com",
            "type": "array",
            "title": "finance.yahoo.com",
            "items": {
                "description": "User interest",
                "type": "string",
                "title": "User Interest"
            }
        },
        "Global yahoo.com": {
            "description": "Interests captured from your browsing activity on global yahoo.com",
            "type": "array",
            "title": "global yahoo.com",
            "items": {
                "description": "User interest",
                "type": "string",
                "title": "User Interest"
            }
        },
        "Yahoo Sports": {
            "description": "Interests captured from your browsing activity on sports.yahoo.com",
            "type": "array",
            "title": "sports.yahoo.com",
            "items": {
                "description": "User interest",
                "type": "string",
                "title": "User Interest"
            }
        },
        "yahoo.com": {
            "description": "Interests captured from your browsing activity on yahoo.com",
            "type": "array",
            "title": "www.yahoo.com",
            "items": {
                "description": "User interest",
                "type": "string",
                "title": "User Interest"
            }
        },
        "Recent Activities": {
            "description": "Most recent articles you have browsed",
            "type": "array",
            "title": "Recent Browsing Activity",
            "items": {
                "description": "User activity on articles",
                "type": "object",
                "title": "User activity"
            }
        }
    },
    "$id": "http://www.yahoo.com/interest_categories_gdpr_subject_access_schema_v3.6"
}