{
    "$schema": "http://json-schema.org/draft-06/schema#",
    "schemaType": "subjectAccessRequest",
    "description": "Your activities in HK Deals, Store and Auction",
    "additionalProperties": false,
    "title": "HK E-Commerce",
    "definitions": {"order": {
        "additionalProperties": false,
        "type": "object",
        "properties": {
            "payType": {"type": "string"},
            "orderId": {"type": "string"},
            "createTime": {
                "description": "The transaction time you purchased",
                "type": "string"
            },
            "totalPrice": {
                "description": "Order with shipping amount",
                "type": "string"
            },
            "merchandises": {
                "type": "array",
                "items": {
                    "additionalProperties": false,
                    "properties": {"name": {"type": "string"}}
                }
            }
        }
    }},
    "properties": {
        "Auction": {
            "description": "Your activities in HK Auction",
            "title": "HK Auction",
            "type": "object",
            "properties": {
                "sellOrders": {
                    "description": "The orders that you have sold in 14 days",
                    "title": "Sell order",
                    "type": "array",
                    "items": {"$ref": "#/definitions/order"}
                },
                "purchaseOrders": {
                    "description": "The orders that you have placed in 14 days",
                    "title": "Purchase order",
                    "type": "array",
                    "items": {"$ref": "#/definitions/order"}
                }
            }
        },
        "Store": {
            "description": "Your activities in HK Store",
            "title": "HK Store",
            "type": "object",
            "properties": {}
        },
        "Deals": {
            "description": "Your activities in HK Deals",
            "title": "HK Deals",
            "type": "object",
            "properties": {}
        }
    },
    "$id": "https://hk.shop.yahoo.com/gdpr/privacy_dashboard_subject#"
}