{
    "settings": {
        "emails": [{
            "isVerified": false,
            "confirmedTime": "Jun 06, 2019 12:17 PM UTC",
            "addedTime": "Dec 21, 2017 07:56 AM UTC",
            "isMarkedAsDeleted": false,
            "contexts": ["Security"],
            "email": "iogabiana13@yahoo.com",
            "verifiedTime": "Jan 01, 1970 12:00 AM UTC"
        }],
        "identifiers": {"aliases": [{
            "identifier": "iranzyouth_moonbeam",
            "domain": "yahoo.com",
            "attributes": ["Yid"]
        }]},
        "phones": [{
            "number": "+639971627474",
            "isVerified": true,
            "confirmedTime": "Jan 01, 1970 12:00 AM UTC",
            "addedTime": "Feb 09, 2020 02:27 PM UTC",
            "isMarkedAsDeleted": false,
            "contexts": ["Security"],
            "type": "Mobile",
            "verifiedTime": "Feb 09, 2020 02:27 PM UTC"
        }],
        "legalData": {"universalTOS": {
            "jurisdiction": "ph",
            "language": "fil-PH",
            "id": "oath_freereg",
            "timestamp": "Apr 13, 2018 09:00 AM UTC"
        }},
        "personalSettings": {
            "firstName": "Irene Mae",
            "lastName": "Gabiana",
            "address": {
                "country": "ph",
                "city": "naga",
                "postalCode": "6037",
                "state": "cebu"
            },
            "gender": "Female",
            "nickname": "Irene Mae O. Gabiana",
            "businessName": "minglanilla national science high scholl & university of san jose recolletos",
            "birthDate": "1991-09-30"
        }
    },
    "locales": ["en-US"],
    "coppa": {},
    "devices": {
        "44": {
            "deviceType": "Browser",
            "lastSeenTime": "Dec 27, 2017 03:33 AM UTC",
            "deviceTypeId": "desktop",
            "browserId": "chrome",
            "creationTime": "Jan 01, 1970 12:00 AM UTC",
            "isActiveSession": false,
            "osId": "windows nt"
        },
        "45": {
            "deviceType": "Browser",
            "lastSeenTime": "Dec 13, 2017 12:24 AM UTC",
            "deviceTypeId": "desktop",
            "browserId": "66",
            "creationTime": "Jan 01, 1970 12:00 AM UTC",
            "isActiveSession": false,
            "osId": "windows nt"
        },
        "46": {
            "deviceType": "Browser",
            "lastSeenTime": "Nov 10, 2017 09:01 AM UTC",
            "deviceTypeId": "desktop",
            "browserId": "chrome",
            "creationTime": "Jan 01, 1970 12:00 AM UTC",
            "isActiveSession": false,
            "osId": "windows nt"
        },
        "47": {
            "deviceType": "Browser",
            "lastSeenTime": "Nov 06, 2017 01:26 AM UTC",
            "deviceTypeId": "desktop",
            "browserId": "chrome",
            "creationTime": "Jan 01, 1970 12:00 AM UTC",
            "isActiveSession": false,
            "osId": "windows nt"
        },
        "48": {
            "deviceType": "Browser",
            "lastSeenTime": "Oct 17, 2017 05:50 AM UTC",
            "deviceTypeId": "desktop",
            "browserId": "chrome",
            "creationTime": "Jan 01, 1970 12:00 AM UTC",
            "isActiveSession": false,
            "osId": "windows nt"
        },
        "49": {
            "deviceType": "Browser",
            "lastSeenTime": "Oct 02, 2017 09:12 AM UTC",
            "deviceTypeId": "desktop",
            "browserId": "chrome",
            "creationTime": "Jan 01, 1970 12:00 AM UTC",
            "isActiveSession": false,
            "osId": "windows nt"
        },
        "50": {
            "deviceType": "Browser",
            "lastSeenTime": "Sep 28, 2017 06:29 AM UTC",
            "deviceTypeId": "smartphone",
            "browserId": "chrome mobile",
            "creationTime": "Jan 01, 1970 12:00 AM UTC",
            "isActiveSession": false,
            "osId": "android"
        },
        "51": {
            "deviceType": "Browser",
            "lastSeenTime": "Aug 17, 2017 06:57 AM UTC",
            "deviceTypeId": "desktop",
            "browserId": "chrome",
            "creationTime": "Jan 01, 1970 12:00 AM UTC",
            "isActiveSession": false,
            "osId": "windows nt"
        },
        "52": {
            "deviceType": "Browser",
            "lastSeenTime": "Mar 16, 2017 08:19 AM UTC",
            "deviceTypeId": "tablet",
            "browserId": "safari mobile",
            "creationTime": "Jan 01, 1970 12:00 AM UTC",
            "isActiveSession": false,
            "osId": "ios"
        },
        "53": {
            "deviceType": "Browser",
            "lastSeenTime": "Mar 01, 2017 11:05 PM UTC",
            "deviceTypeId": "smartphone",
            "browserId": "chrome mobile",
            "creationTime": "Jan 01, 1970 12:00 AM UTC",
            "isActiveSession": false,
            "osId": "android"
        },
        "10": {
            "deviceType": "Browser",
            "lastSeenTime": "Dec 23, 2019 02:58 AM UTC",
            "deviceTypeId": "desktop",
            "browserId": "chrome",
            "creationTime": "Jan 01, 1970 12:00 AM UTC",
            "isActiveSession": false,
            "osId": "windows nt"
        },
        "54": {
            "deviceType": "Browser",
            "lastSeenTime": "Feb 20, 2017 04:44 AM UTC",
            "deviceTypeId": "desktop",
            "browserId": "chrome",
            "creationTime": "Jan 01, 1970 12:00 AM UTC",
            "isActiveSession": false,
            "osId": "windows nt"
        },
        "11": {
            "deviceType": "Browser",
            "lastSeenTime": "Dec 11, 2019 04:37 AM UTC",
            "deviceTypeId": "desktop",
            "browserId": "chrome",
            "creationTime": "Jan 01, 1970 12:00 AM UTC",
            "isActiveSession": false,
            "osId": "windows nt"
        },
        "12": {
            "deviceType": "Browser",
            "lastSeenTime": "Nov 07, 2019 08:36 AM UTC",
            "deviceTypeId": "desktop",
            "browserId": "chrome",
            "creationTime": "Jan 01, 1970 12:00 AM UTC",
            "isActiveSession": false,
            "osId": "windows nt"
        },
        "13": {
            "deviceType": "Browser",
            "lastSeenTime": "Nov 06, 2019 07:31 AM UTC",
            "deviceTypeId": "smartphone",
            "browserId": "chrome mobile",
            "creationTime": "Jan 01, 1970 12:00 AM UTC",
            "isActiveSession": false,
            "osId": "android"
        },
        "14": {
            "deviceType": "Browser",
            "lastSeenTime": "Oct 29, 2019 07:48 AM UTC",
            "deviceTypeId": "desktop",
            "browserId": "ie",
            "creationTime": "Jan 01, 1970 12:00 AM UTC",
            "isActiveSession": false,
            "osId": "windows nt"
        },
        "15": {
            "deviceType": "Browser",
            "lastSeenTime": "Sep 23, 2019 05:00 AM UTC",
            "deviceTypeId": "desktop",
            "browserId": "chrome",
            "creationTime": "Jan 01, 1970 12:00 AM UTC",
            "isActiveSession": false,
            "osId": "windows nt"
        },
        "16": {
            "deviceType": "Browser",
            "lastSeenTime": "Jun 06, 2019 12:17 PM UTC",
            "deviceTypeId": "smartphone",
            "browserId": "chrome mobile",
            "creationTime": "Jan 01, 1970 12:00 AM UTC",
            "isActiveSession": false,
            "osId": "android"
        },
        "17": {
            "deviceType": "Browser",
            "lastSeenTime": "Apr 27, 2018 12:45 AM UTC",
            "deviceTypeId": "desktop",
            "browserId": "chrome",
            "creationTime": "Jan 01, 1970 12:00 AM UTC",
            "isActiveSession": false,
            "osId": "windows nt"
        },
        "18": {
            "deviceType": "Browser",
            "lastSeenTime": "Apr 19, 2018 12:53 AM UTC",
            "deviceTypeId": "desktop",
            "browserId": "chrome",
            "creationTime": "Jan 01, 1970 12:00 AM UTC",
            "isActiveSession": false,
            "osId": "windows nt"
        },
        "19": {
            "deviceType": "Browser",
            "lastSeenTime": "Apr 17, 2018 08:06 AM UTC",
            "deviceTypeId": "desktop",
            "browserId": "chrome",
            "creationTime": "Jan 01, 1970 12:00 AM UTC",
            "isActiveSession": false,
            "osId": "windows nt"
        },
        "1": {
            "deviceType": "Browser",
            "lastSeenTime": "Feb 10, 2020 12:15 AM UTC",
            "deviceTypeId": "desktop",
            "browserId": "chrome",
            "creationTime": "Jan 01, 1970 12:00 AM UTC",
            "isActiveSession": false,
            "osId": "windows nt"
        },
        "2": {
            "deviceType": "Browser",
            "lastSeenTime": "Feb 09, 2020 02:26 PM UTC",
            "deviceTypeId": "smartphone",
            "browserId": "chrome mobile",
            "creationTime": "Jan 01, 1970 12:00 AM UTC",
            "isActiveSession": true,
            "osId": "android"
        },
        "3": {
            "deviceType": "Browser",
            "lastSeenTime": "Feb 04, 2020 01:17 AM UTC",
            "deviceTypeId": "smartphone",
            "browserId": "chrome mobile",
            "creationTime": "Jan 01, 1970 12:00 AM UTC",
            "isActiveSession": true,
            "osId": "android"
        },
        "4": {
            "deviceType": "Browser",
            "lastSeenTime": "Jan 30, 2020 12:55 AM UTC",
            "deviceTypeId": "smartphone",
            "browserId": "chrome mobile",
            "creationTime": "Jan 01, 1970 12:00 AM UTC",
            "isActiveSession": true,
            "osId": "android"
        },
        "5": {
            "deviceType": "Browser",
            "lastSeenTime": "Jan 19, 2020 06:13 PM UTC",
            "deviceTypeId": "smartphone",
            "browserId": "chrome mobile",
            "creationTime": "Jan 01, 1970 12:00 AM UTC",
            "isActiveSession": true,
            "osId": "android"
        },
        "6": {
            "deviceType": "Browser",
            "lastSeenTime": "Jan 18, 2020 05:51 AM UTC",
            "deviceTypeId": "desktop",
            "browserId": "chrome",
            "creationTime": "Jan 01, 1970 12:00 AM UTC",
            "isActiveSession": false,
            "osId": "windows nt"
        },
        "7": {
            "deviceType": "Browser",
            "lastSeenTime": "Jan 16, 2020 12:06 PM UTC",
            "deviceTypeId": "smartphone",
            "browserId": "chrome mobile",
            "creationTime": "Jan 01, 1970 12:00 AM UTC",
            "isActiveSession": true,
            "osId": "android"
        },
        "8": {
            "deviceType": "Browser",
            "lastSeenTime": "Jan 15, 2020 10:06 AM UTC",
            "deviceTypeId": "smartphone",
            "browserId": "chrome mobile",
            "creationTime": "Jan 01, 1970 12:00 AM UTC",
            "isActiveSession": true,
            "osId": "android"
        },
        "9": {
            "deviceType": "Browser",
            "lastSeenTime": "Jan 14, 2020 06:23 AM UTC",
            "deviceTypeId": "desktop",
            "browserId": "chrome",
            "creationTime": "Jan 01, 1970 12:00 AM UTC",
            "isActiveSession": false,
            "osId": "windows nt"
        },
        "20": {
            "deviceType": "Browser",
            "lastSeenTime": "Apr 17, 2018 05:49 AM UTC",
            "deviceTypeId": "desktop",
            "browserId": "chrome",
            "creationTime": "Jan 01, 1970 12:00 AM UTC",
            "isActiveSession": false,
            "osId": "windows nt"
        },
        "21": {
            "deviceType": "Browser",
            "lastSeenTime": "Apr 12, 2018 06:25 AM UTC",
            "deviceTypeId": "desktop",
            "browserId": "66",
            "creationTime": "Jan 01, 1970 12:00 AM UTC",
            "isActiveSession": false,
            "osId": "windows nt"
        },
        "22": {
            "deviceType": "Browser",
            "lastSeenTime": "Apr 10, 2018 03:36 AM UTC",
            "deviceTypeId": "desktop",
            "browserId": "chrome",
            "creationTime": "Jan 01, 1970 12:00 AM UTC",
            "isActiveSession": false,
            "osId": "windows nt"
        },
        "23": {
            "deviceType": "Browser",
            "lastSeenTime": "Apr 06, 2018 01:34 AM UTC",
            "deviceTypeId": "desktop",
            "browserId": "chrome",
            "creationTime": "Jan 01, 1970 12:00 AM UTC",
            "isActiveSession": false,
            "osId": "windows nt"
        },
        "24": {
            "deviceType": "Browser",
            "lastSeenTime": "Apr 06, 2018 01:31 AM UTC",
            "deviceTypeId": "desktop",
            "browserId": "chrome",
            "creationTime": "Jan 01, 1970 12:00 AM UTC",
            "isActiveSession": false,
            "osId": "windows nt"
        },
        "25": {
            "deviceType": "Browser",
            "lastSeenTime": "Mar 22, 2018 05:54 AM UTC",
            "deviceTypeId": "desktop",
            "browserId": "ie",
            "creationTime": "Jan 01, 1970 12:00 AM UTC",
            "isActiveSession": false,
            "osId": "windows nt"
        },
        "26": {
            "deviceType": "Browser",
            "lastSeenTime": "Mar 20, 2018 03:42 AM UTC",
            "deviceTypeId": "desktop",
            "browserId": "66",
            "creationTime": "Jan 01, 1970 12:00 AM UTC",
            "isActiveSession": false,
            "osId": "windows nt"
        },
        "27": {
            "deviceType": "Browser",
            "lastSeenTime": "Mar 10, 2018 05:58 AM UTC",
            "deviceTypeId": "desktop",
            "browserId": "chrome",
            "creationTime": "Jan 01, 1970 12:00 AM UTC",
            "isActiveSession": false,
            "osId": "windows nt"
        },
        "28": {
            "deviceType": "Browser",
            "lastSeenTime": "Feb 17, 2018 06:47 AM UTC",
            "deviceTypeId": "desktop",
            "browserId": "66",
            "creationTime": "Jan 01, 1970 12:00 AM UTC",
            "isActiveSession": false,
            "osId": "windows nt"
        },
        "29": {
            "deviceType": "Browser",
            "lastSeenTime": "Feb 13, 2018 08:06 AM UTC",
            "deviceTypeId": "desktop",
            "browserId": "chrome",
            "creationTime": "Jan 01, 1970 12:00 AM UTC",
            "isActiveSession": false,
            "osId": "windows nt"
        },
        "30": {
            "deviceType": "Browser",
            "lastSeenTime": "Jan 29, 2018 08:27 AM UTC",
            "deviceTypeId": "desktop",
            "browserId": "chrome",
            "creationTime": "Jan 01, 1970 12:00 AM UTC",
            "isActiveSession": false,
            "osId": "windows nt"
        },
        "31": {
            "deviceType": "Browser",
            "lastSeenTime": "Jan 23, 2018 12:31 AM UTC",
            "deviceTypeId": "desktop",
            "browserId": "66",
            "creationTime": "Jan 01, 1970 12:00 AM UTC",
            "isActiveSession": false,
            "osId": "windows nt"
        },
        "32": {
            "deviceType": "Browser",
            "lastSeenTime": "Jan 22, 2018 07:10 AM UTC",
            "deviceTypeId": "desktop",
            "browserId": "chrome",
            "creationTime": "Jan 01, 1970 12:00 AM UTC",
            "isActiveSession": false,
            "osId": "windows nt"
        },
        "33": {
            "deviceType": "Browser",
            "lastSeenTime": "Jan 22, 2018 06:05 AM UTC",
            "deviceTypeId": "desktop",
            "browserId": "chrome",
            "creationTime": "Jan 01, 1970 12:00 AM UTC",
            "isActiveSession": false,
            "osId": "windows nt"
        },
        "34": {
            "deviceType": "Browser",
            "lastSeenTime": "Jan 20, 2018 05:25 AM UTC",
            "deviceTypeId": "desktop",
            "browserId": "66",
            "creationTime": "Jan 01, 1970 12:00 AM UTC",
            "isActiveSession": false,
            "osId": "windows nt"
        },
        "35": {
            "deviceType": "Browser",
            "lastSeenTime": "Jan 18, 2018 05:10 AM UTC",
            "deviceTypeId": "desktop",
            "browserId": "chrome",
            "creationTime": "Jan 01, 1970 12:00 AM UTC",
            "isActiveSession": false,
            "osId": "windows nt"
        },
        "36": {
            "deviceType": "Browser",
            "lastSeenTime": "Jan 17, 2018 08:16 AM UTC",
            "deviceTypeId": "desktop",
            "browserId": "chrome",
            "creationTime": "Jan 01, 1970 12:00 AM UTC",
            "isActiveSession": false,
            "osId": "windows nt"
        },
        "37": {
            "deviceType": "Browser",
            "lastSeenTime": "Jan 17, 2018 03:08 AM UTC",
            "deviceTypeId": "desktop",
            "browserId": "chrome",
            "creationTime": "Jan 01, 1970 12:00 AM UTC",
            "isActiveSession": false,
            "osId": "windows nt"
        },
        "38": {
            "deviceType": "Browser",
            "lastSeenTime": "Jan 15, 2018 07:04 AM UTC",
            "deviceTypeId": "desktop",
            "browserId": "chrome",
            "creationTime": "Jan 01, 1970 12:00 AM UTC",
            "isActiveSession": false,
            "osId": "windows nt"
        },
        "39": {
            "deviceType": "Browser",
            "lastSeenTime": "Jan 09, 2018 01:56 AM UTC",
            "deviceTypeId": "desktop",
            "browserId": "chrome",
            "creationTime": "Jan 01, 1970 12:00 AM UTC",
            "isActiveSession": false,
            "osId": "windows nt"
        },
        "40": {
            "deviceType": "Browser",
            "lastSeenTime": "Jan 06, 2018 12:34 AM UTC",
            "deviceTypeId": "desktop",
            "browserId": "chrome",
            "creationTime": "Jan 01, 1970 12:00 AM UTC",
            "isActiveSession": false,
            "osId": "windows nt"
        },
        "41": {
            "deviceType": "Browser",
            "lastSeenTime": "Jan 02, 2018 03:25 AM UTC",
            "deviceTypeId": "desktop",
            "browserId": "chrome",
            "creationTime": "Jan 01, 1970 12:00 AM UTC",
            "isActiveSession": false,
            "osId": "windows nt"
        },
        "42": {
            "deviceType": "Browser",
            "lastSeenTime": "Jan 02, 2018 02:14 AM UTC",
            "deviceTypeId": "desktop",
            "browserId": "chrome",
            "creationTime": "Jan 01, 1970 12:00 AM UTC",
            "isActiveSession": false,
            "osId": "windows nt"
        },
        "43": {
            "deviceType": "Browser",
            "lastSeenTime": "Jan 02, 2018 12:20 AM UTC",
            "deviceTypeId": "desktop",
            "browserId": "chrome",
            "creationTime": "Jan 01, 1970 12:00 AM UTC",
            "isActiveSession": false,
            "osId": "windows nt"
        }
    },
    "authActivity": {"authFactorChange": [
        {"eventTime": "Feb 09, 2020 02:27 PM UTC"},
        {"eventTime": "Feb 09, 2020 02:27 PM UTC"},
        {"eventTime": "Dec 21, 2017 07:56 AM UTC"},
        {"eventTime": "Dec 21, 2017 07:56 AM UTC"},
        {"eventTime": "Feb 04, 2017 02:20 AM UTC"},
        {"eventTime": "Dec 05, 2012 11:24 AM UTC"},
        {"eventTime": "Jun 12, 2012 10:00 AM UTC"},
        {"eventTime": "Feb 22, 2012 03:34 PM UTC"},
        {"eventTime": "Jan 28, 2012 04:09 PM UTC"},
        {"eventTime": "Jan 16, 2012 02:30 PM UTC"},
        {"eventTime": "Dec 13, 2011 02:59 PM UTC"},
        {"eventTime": "Aug 27, 2020 12:55 AM UTC"},
        {"eventTime": "Jun 06, 2011 03:27 PM UTC"}
    ]},
    "accountCreationTime": "Nov 27, 2007 12:51 PM UTC",
    "openIdData": {
        "usage": {
            "v": "1",
            "rp": {
                "www.facebook.com": {
                    "ip": "222.127.52.10",
                    "usage": 3,
                    "id": "https://me.yahoo.com/a/aL6J1DMnmciioRM622a9MkNGhVF6mU3Y.YcY1xwThzs-",
                    "ts": "Sep 18, 2012 08:19 PM UTC"
                },
                "www.google.com": {
                    "ip": "61.9.87.216",
                    "usage": 1,
                    "id": "https://me.yahoo.com/a/aL6J1DMnmciioRM622a9MkNGhVF6mU3Y.YcY1xwThzs-",
                    "ts": "Jul 21, 2011 07:06 AM UTC"
                }
            }
        },
        "perms": {"perms": {
            "www.facebook.com": {"time_stamp": "Dec 26, 1969 01:56 AM UTC"},
            "www.google.com": {"time_stamp": "Jan 15, 1970 03:56 PM UTC"}
        }},
        "propUrl": {"v": "2"}
    }
}