{
    "$schema": "http://json-schema.org/draft-06/schema#",
    "schemaType": "subjectAccessRequest",
    "categoryData": {
        "thirdParty": [
            "Security External Parties",
            "Social Button Providers"
        ],
        "sharedData": [
            "Contact Information",
            "Geolocation Information",
            "Technical Identifiers"
        ],
        "businessPurpose": ["Security"],
        "disclosedData": [
            "Contact Information",
            "Geolocation Information",
            "Technical Identifiers"
        ],
        "collectedData": [
            "Contact Information",
            "Geolocation Information",
            "Technical Identifiers"
        ],
        "serviceProvider": [
            "Security External Parties",
            "Social Button Providers"
        ],
        "source": [
            "Verizon Media Analytics Services",
            "Verizon Media websites and apps",
            "Websites, apps or other public sources"
        ],
        "commercialPurpose": [
            "Delivering Content and Ads",
            "Provide VM Services",
            "Provide Personalized Content",
            "Security and Fraud Prevention"
        ]
    },
    "description": "Your Account Information",
    "title": "Your Account",
    "definitions": {"TOSObj": {
        "description": "Rules And Guidelines For Your Account",
        "additionalProperties": false,
        "type": "object",
        "title": "Terms Of Service",
        "properties": {
            "jurisdiction": {
                "description": "Legal Country Code",
                "type": "string",
                "title": "Jurisdiction"
            },
            "language": {
                "description": "Language Setting",
                "type": "string",
                "title": "Language"
            },
            "id": {
                "description": "",
                "type": "string",
                "title": "Id"
            },
            "timestamp": {
                "description": "Agreement Time",
                "type": "string",
                "title": "Timestamp"
            }
        }
    }},
    "properties": {
        "settings": {
            "description": "Information You Provided For Your Account",
            "additionalProperties": false,
            "type": "object",
            "title": "Settings ",
            "properties": {
                "emails": {
                    "type": "array",
                    "items": {
                        "additionalProperties": false,
                        "type": "object",
                        "properties": {
                            "isVerified": {
                                "description": "Is Your Email Address Verified?",
                                "type": "boolean",
                                "title": "Is Verified"
                            },
                            "confirmedTime": {
                                "description": "When You Last Confirmed Your Email Address",
                                "type": "string",
                                "title": "Confirmed at"
                            },
                            "addedTime": {
                                "description": "When You Added Your Email Address",
                                "type": "string",
                                "title": "Added"
                            },
                            "isMarkedAsDeleted": {
                                "description": "Is Your Email Address Marked For Deletion?",
                                "type": "boolean",
                                "title": "Deleted"
                            },
                            "contexts": {
                                "description": "How Your Email Address Is Used",
                                "type": "array",
                                "title": "Contact Usage",
                                "items": {"type": "string"}
                            },
                            "email": {
                                "description": "Your Email Address",
                                "type": "string",
                                "title": "Email"
                            },
                            "verifiedTime": {
                                "description": "When You Last Verified Your Email Address",
                                "type": "string",
                                "title": "Verified at"
                            }
                        }
                    }
                },
                "identifiers": {
                    "description": "Usernames",
                    "additionalProperties": false,
                    "type": "object",
                    "title": "Identifiers",
                    "properties": {"aliases": {
                        "description": "Usernames Used To Access Your Account",
                        "type": "array",
                        "title": "Account Aliases",
                        "items": {
                            "additionalProperties": false,
                            "type": "object",
                            "properties": {
                                "identifier": {
                                    "description": "Available Username For Your Account",
                                    "type": "string",
                                    "title": "Identifier"
                                },
                                "domain": {
                                    "description": "Optional Email Domain",
                                    "type": "string",
                                    "title": "Domain"
                                },
                                "attributes": {
                                    "description": "Other Identities You Have Provided For Your Account",
                                    "type": "array",
                                    "title": "Attributes",
                                    "items": {"type": "string"}
                                }
                            }
                        }
                    }}
                },
                "phones": {
                    "type": "array",
                    "items": {
                        "additionalProperties": false,
                        "type": "object",
                        "properties": {
                            "number": {
                                "description": "Your Phone Number",
                                "type": "string",
                                "title": "Number"
                            },
                            "isVerified": {
                                "description": "Is Your Phone Number Verified?",
                                "type": "boolean",
                                "title": "Is Verified"
                            },
                            "confirmedTime": {
                                "description": "When You Last Confirmed Your Phone Number",
                                "type": "string",
                                "title": "Confirmed at"
                            },
                            "addedTime": {
                                "description": "When You Added Your Phone Number",
                                "type": "string",
                                "title": "Added"
                            },
                            "isMarkedAsDeleted": {
                                "description": "Is Your Phone Number Marked For Deletion?",
                                "type": "boolean",
                                "title": "Deleted"
                            },
                            "contexts": {
                                "description": "How Your Phone Number Is Used",
                                "type": "array",
                                "title": "Contact Usage",
                                "items": {"type": "string"}
                            },
                            "type": {
                                "description": "Your Phone Number Type",
                                "type": "string",
                                "title": "Type"
                            },
                            "verifiedTime": {
                                "description": "When You Last Verified Your Phone Number",
                                "type": "string",
                                "title": "Verified at"
                            }
                        }
                    }
                },
                "legalData": {
                    "description": "",
                    "additionalProperties": false,
                    "type": "object",
                    "title": "Terms Of Service",
                    "properties": {"universalTOS": {
                        "description": "The Country Terms Of Service You Agreed To",
                        "title": "Universal Terms",
                        "$ref": "#/definitions/TOSObj"
                    }}
                },
                "personalSettings": {
                    "description": "Your Demographic Information",
                    "additionalProperties": false,
                    "type": "object",
                    "title": "Settings",
                    "properties": {
                        "lastName": {
                            "description": "Your Last Name",
                            "type": "string",
                            "title": "Last"
                        },
                        "parent": {
                            "additionalProperties": false,
                            "type": "object",
                            "properties": {
                                "yid": {
                                    "description": "Parent's Username",
                                    "type": "string",
                                    "title": "Login Id"
                                },
                                "name": {
                                    "description": "The Name Your Parent Provided For You",
                                    "type": "string",
                                    "title": "Name"
                                }
                            }
                        },
                        "address": {
                            "description": "Mailing Addresses You Provided",
                            "additionalProperties": false,
                            "type": "object",
                            "title": "Address",
                            "properties": {
                                "country": {
                                    "description": "Country",
                                    "type": "string",
                                    "title": "Country"
                                },
                                "address": {
                                    "description": "Mailing Address",
                                    "type": "string",
                                    "title": "Address"
                                },
                                "city": {
                                    "description": "City",
                                    "type": "string",
                                    "title": "City"
                                },
                                "postalCode": {
                                    "description": "Postal Code",
                                    "type": "string",
                                    "title": "Postal Code"
                                },
                                "state": {
                                    "description": "State",
                                    "type": "string",
                                    "title": "State"
                                }
                            }
                        },
                        "gender": {
                            "description": "Your Gender",
                            "type": "string",
                            "title": "Gender"
                        },
                        "businessName": {
                            "description": "Your Business Name",
                            "type": "string",
                            "title": "Business Name"
                        },
                        "birthDate": {
                            "description": "Your Birth Date",
                            "type": "string",
                            "title": "Birth Day"
                        },
                        "firstName": {
                            "description": "Your First Name",
                            "type": "string",
                            "title": "First"
                        },
                        "birthYear": {
                            "description": "Your Birth Year",
                            "type": "string",
                            "title": "Birth Year"
                        },
                        "children": {
                            "description": "Accounts You Created For Your Children",
                            "type": "array",
                            "title": "Child Accounts",
                            "items": {
                                "additionalProperties": false,
                                "type": "object",
                                "properties": {
                                    "yid": {
                                        "description": "Child's Username",
                                        "type": "string",
                                        "title": "Login Id"
                                    },
                                    "name": {
                                        "description": "Child's First and Last Name ",
                                        "type": "string",
                                        "title": "Name"
                                    }
                                }
                            }
                        },
                        "businessTitle": {
                            "description": "Your Business Title",
                            "type": "string",
                            "title": "Business Title"
                        },
                        "nickname": {
                            "description": "Your Nickname",
                            "type": "string",
                            "title": "Nickname"
                        },
                        "middleName": {
                            "description": "Your Middle Name",
                            "type": "string",
                            "title": "Middle"
                        },
                        "freeformGender": {
                            "description": "Your Declared Gender",
                            "type": "string",
                            "title": "Other Gender"
                        }
                    }
                }
            }
        },
        "locales": {
            "description": "Your Language Settings",
            "type": "array",
            "title": "Locales",
            "items": {"type": "string"}
        },
        "coppa": {
            "description": "2013 Children's Online Privacy Protection Act (COPPA) Update Details",
            "type": "object",
            "title": "COPPA Update",
            "properties": {"events": {
                "type": "array",
                "items": {
                    "type": "object",
                    "properties": {
                        "parent": {
                            "description": "Parent's Username",
                            "type": "string",
                            "title": "Parent"
                        },
                        "decision": {
                            "description": "Outcome Of COPPA Update",
                            "type": "string",
                            "title": "Consent?"
                        },
                        "child": {
                            "description": "Child's Username",
                            "type": "string",
                            "title": "Child"
                        },
                        "ts": {
                            "description": "When The COPPA Decison Was Made",
                            "type": "string",
                            "title": "Timestamp"
                        }
                    }
                }
            }}
        },
        "devices": {
            "description": "Devices Used To Access Your Account",
            "additionalProperties": {
                "additionalProperties": false,
                "type": "object",
                "properties": {
                    "deviceType": {
                        "description": "Type Of Device model used such as iPhone or iPad",
                        "type": "string",
                        "title": "Device Type"
                    },
                    "lastSeenTime": {
                        "description": "Last Time We've Seen You Use This Device",
                        "type": "string",
                        "title": "Last Seen"
                    },
                    "deviceTypeId": {
                        "description": "This Device's ID Type",
                        "type": "string",
                        "title": "Device Type Id"
                    },
                    "browserId": {
                        "description": "This Device's Browser",
                        "type": "string",
                        "title": "Browser Id"
                    },
                    "appIds": {
                        "description": "Available Application IDs Tied To This Device",
                        "type": "array",
                        "title": "App Ids",
                        "items": {"type": "string"}
                    },
                    "creationTime": {
                        "description": "When You First Added This Device",
                        "type": "string",
                        "title": "Created"
                    },
                    "isActiveSession": {
                        "description": "Is This Device Still Signed Into Your Account",
                        "type": "boolean",
                        "title": "Is Active Session"
                    },
                    "osId": {
                        "description": "This Device's Operating System",
                        "type": "string",
                        "title": "OS Id"
                    },
                    "deviceName": {
                        "description": "The Name You Provided For Your Device",
                        "type": "string",
                        "title": "Device Name"
                    },
                    "deviceId": {
                        "description": "The Device ID used by Oath to identify this device",
                        "type": "string",
                        "title": "Device Id"
                    },
                    "lastSeenLocation": {
                        "description": "Last Location We've Seen This Device",
                        "type": "string",
                        "title": "Last Seen Location"
                    }
                }
            },
            "type": "object",
            "title": "Account Devices"
        },
        "oauth2Clients": {
            "description": "Third Party Services That You Have Granted Access ",
            "additionalProperties": {
                "type": "object",
                "properties": {
                    "expirationTime": {
                        "description": "When Third Party Services That You Have Granted Access",
                        "type": "string",
                        "title": "Expiration Time"
                    },
                    "client": {
                        "description": "Name Of The Third Party Service That You Have Granted Access",
                        "additionalProperties": false,
                        "type": "object",
                        "title": "Client",
                        "properties": {
                            "name": {
                                "description": "Name Of The Third Party Service That You Have Granted Access",
                                "type": "string"
                            },
                            "scopes": {
                                "type": "array",
                                "items": {"type": "string"}
                            }
                        }
                    },
                    "authorizedScopes": {
                        "description": "What Third Party Services Have Access To",
                        "type": "array",
                        "title": "Authorized Scopes",
                        "items": {"type": "string"}
                    },
                    "authorizationTime": {
                        "description": "When You Granted Access To The Third Party Service",
                        "type": "string",
                        "title": "Authorized Time"
                    }
                }
            },
            "type": "object",
            "title": "OAuth2 clients"
        },
        "businessInformation": {
            "description": "Your Business Information Collected During Registration",
            "additionalProperties": false,
            "type": "object",
            "title": "Business Information",
            "properties": {
                "organizationName": {
                    "description": "Company Name You Provided During Registration",
                    "type": "string",
                    "title": "Company Name"
                },
                "title": {
                    "description": "Title You Provided During Registration",
                    "type": "string",
                    "title": "Title"
                }
            }
        },
        "authActivity": {
            "description": "Authentication History For Your Account, including successful login attempts upon your account",
            "additionalProperties": false,
            "type": "object",
            "title": "Account Authentication Activity",
            "properties": {
                "authActivity": {
                    "description": "Available Authentication Activity",
                    "type": "array",
                    "title": "Authentication Activity",
                    "items": {
                        "additionalProperties": false,
                        "type": "object",
                        "properties": {
                            "eventTime": {
                                "description": "Time Of Authentication Event",
                                "type": "string",
                                "title": "Event Time"
                            },
                            "location": {
                                "description": "Location Of Authentication Event",
                                "additionalProperties": false,
                                "type": "object",
                                "title": "Location",
                                "properties": {
                                    "country": {
                                        "description": "Country Of Authentication Event",
                                        "type": "string",
                                        "title": "Country"
                                    },
                                    "city": {
                                        "description": "City Of Authentication Event",
                                        "type": "string",
                                        "title": "City"
                                    },
                                    "state": {
                                        "description": "State Of Authentication Event",
                                        "type": "string",
                                        "title": "State"
                                    }
                                }
                            },
                            "eventType": {
                                "description": "Product That Was Accessed",
                                "type": "string",
                                "title": "Event Type"
                            }
                        }
                    }
                },
                "authFactorChange": {
                    "description": "Authentication Method Change Events, including changes to your methods for authentication such as adding Account Key",
                    "type": "array",
                    "title": "Authentication Factor Change",
                    "items": {
                        "additionalProperties": false,
                        "type": "object",
                        "properties": {"eventTime": {
                            "description": "Time Of Authentication Method Change",
                            "type": "string",
                            "title": "Event Time"
                        }}
                    }
                }
            }
        },
        "homeLocation": {
            "description": "The location the user registered from or an approximation based upon usage",
            "additionalProperties": {"properties": {
                "lon": {
                    "Title": "Longitude",
                    "description": "The longitude for the registration event",
                    "additionalProperties": false,
                    "type": "number"
                },
                "additionalProperties": false,
                "lat": {
                    "Title": "Latitude",
                    "description": "The latitude for the registration event",
                    "additionalProperties": false,
                    "type": "number"
                },
                "ts": {
                    "Title": "Timestamp",
                    "description": "The time stamp when this data was written",
                    "additionalProperties": false,
                    "type": "number"
                }
            }},
            "type": "object",
            "title": "Registration location"
        },
        "accountCreationTime": {
            "description": "When You Created Your Account",
            "type": "string",
            "title": "Account Creation Time"
        },
        "openIdData": {
            "description": "OpenId Data Associated To Your Account",
            "additionalProperties": false,
            "type": "object",
            "title": "OpenID data",
            "properties": {
                "appInfo": {
                    "additionalProperties": false,
                    "type": "object",
                    "properties": {"apps": {
                        "type": "array",
                        "items": {
                            "additionalProperties": false,
                            "type": "object",
                            "properties": {
                                "regDomain": {
                                    "description": "Your OpenID Website Domain",
                                    "type": "array",
                                    "title": "OpenID Domain",
                                    "items": {
                                        "additionalProperties": false,
                                        "type": "object",
                                        "properties": {"timestamp": {
                                            "description": "When Your OpenID Was created",
                                            "type": "string",
                                            "title": "Date And Time"
                                        }}
                                    }
                                },
                                "appInfo": {
                                    "description": "",
                                    "type": "array",
                                    "title": "",
                                    "items": {
                                        "additionalProperties": false,
                                        "type": "object",
                                        "properties": {
                                            "website": {
                                                "description": "The Website Associated To Your Access Request",
                                                "type": "string"
                                            },
                                            "phone": {
                                                "description": "The Phone Number Associated To Your Access Request",
                                                "type": "string"
                                            },
                                            "enable": {
                                                "description": "When You Enabled Access To Your Account Data",
                                                "type": "string",
                                                "title": "Enable"
                                            },
                                            "regts": {
                                                "description": "When You Registered Access To Your Account Data",
                                                "type": "string",
                                                "title": "Registration Time"
                                            },
                                            "name": {
                                                "description": "The Name Associated To Your Access Request",
                                                "type": "string"
                                            },
                                            "company": {
                                                "description": "The Company You Provided Access To Your Account Data",
                                                "type": "string",
                                                "title": "Company"
                                            },
                                            "regip": {
                                                "description": "The IP Address You Used To Access Your Account Data",
                                                "type": "string",
                                                "title": "Registration IP"
                                            },
                                            "email": {
                                                "description": "The Email Address You Provided",
                                                "type": "string",
                                                "title": "Email Address"
                                            },
                                            "url": {
                                                "description": "The Domain You Provided Access To Your Data",
                                                "type": "string",
                                                "title": "URL"
                                            },
                                            "desc": {
                                                "description": "The Description Provided To Your Access Request",
                                                "type": "string"
                                            }
                                        }
                                    }
                                }
                            }
                        }
                    }}
                },
                "usage": {
                    "description": "Property OpenID Usage",
                    "additionalProperties": false,
                    "type": "object",
                    "title": "Usage",
                    "properties": {
                        "v": {
                            "description": "Version Number",
                            "type": "string",
                            "title": "Version"
                        },
                        "rp": {
                            "additionalProperties": {
                                "additionalProperties": false,
                                "type": "object",
                                "properties": {
                                    "ip": {
                                        "description": "IP Address Used",
                                        "type": "string",
                                        "title": "IP Address"
                                    },
                                    "usage": {
                                        "description": "Total Usage History",
                                        "type": "number",
                                        "title": "Events"
                                    },
                                    "id": {
                                        "description": "Last ID Used",
                                        "type": "string",
                                        "title": "OpenID"
                                    },
                                    "ts": {
                                        "description": "Last Time Used",
                                        "type": "string",
                                        "title": "Timestamp"
                                    }
                                }
                            },
                            "type": "object"
                        }
                    }
                },
                "perms": {
                    "description": "Products That You Have Asked To Bypass Account Permission Requets",
                    "additionalProperties": false,
                    "type": "object",
                    "title": "Permissions",
                    "properties": {"perms": {
                        "description": "Products That You Have Authorized For Your Account",
                        "additionalProperties": {
                            "additionalProperties": false,
                            "type": "object",
                            "properties": {"time_stamp": {
                                "description": "When You Last Authorized Your Account",
                                "type": "string",
                                "title": "Authorized Time"
                            }}
                        },
                        "type": "object",
                        "title": "Permissions"
                    }}
                },
                "propUrl": {
                    "description": "Property OpenID URLs For Your Account",
                    "additionalProperties": false,
                    "type": "object",
                    "title": "Property URLs",
                    "properties": {
                        "v": {
                            "description": "Version Number",
                            "type": "string",
                            "title": "Version"
                        },
                        "urlProps": {
                            "description": "Property OpenID Details",
                            "type": "array",
                            "title": "Details",
                            "items": {
                                "additionalProperties": false,
                                "type": "object",
                                "properties": {
                                    "update_time": {
                                        "description": "When You Updated Your Property URL",
                                        "type": "string",
                                        "title": "Update Time"
                                    },
                                    "create_time": {
                                        "description": "When You Created Your Property URL",
                                        "type": "string",
                                        "title": "Creation Time"
                                    },
                                    "prop_url": {
                                        "description": "Your Personalized Property URL",
                                        "type": "string",
                                        "title": "Property URL"
                                    }
                                }
                            }
                        }
                    }
                }
            }
        }
    },
    "$id": "http://www.oath.com/identity/identity_v8#"
}