{
    "$schema": "http://json-schema.org/draft-06/schema#",
    "schemaType": "subjectAccessRequest",
    "categoryData": {
        "thirdParty": ["Product does not share your personal information for commercial purposes"],
        "sharedData": ["Product does not share your personal information for commercial purposes"],
        "businessPurpose": [
            "Auditing",
            "Security",
            "Debugging",
            "Research",
            "Quality Assurance and Service Improvements"
        ],
        "disclosedData": ["Product does not disclose your personal information for business purposes"],
        "collectedData": [
            "Technical Identifiers",
            "Internet or Electronic Network Activity Information",
            "Geolocation Information",
            "Advertising Inferences",
            "Content Inferences",
            "Non-Advertising or Non-Content Inferences"
        ],
        "serviceProvider": ["Product does not disclose your personal information for business purposes"],
        "source": ["Verizon Media websites and apps"],
        "commercialPurpose": ["Product does not share your personal information for commercial purposes"]
    },
    "description": "User Activity Data",
    "additionalProperties": false,
    "title": "Audience Data",
    "properties": {"events": {
        "description": "user activity data",
        "type": "array",
        "title": "meta object with user activity data",
        "items": {
            "additionalProperties": false,
            "type": "object",
            "properties": {
                "mobile_device_version": {
                    "description": "Mobile device version. Available only for iOS (e.g. iphone5,1), null for non-mobile events",
                    "type": "string",
                    "title": "Mobile Device Version"
                },
                "page_uri": {
                    "description": "Uniform Resource Identifier of the page (everything after domain name)",
                    "type": "string",
                    "title": "Page URI"
                },
                "ip_geo_info#zip": {
                    "description": "The zip code where the event occured",
                    "type": "string",
                    "title": "Zip Code"
                },
                "user_privacy_info#search_optout": {
                    "description": "Placeholder for search interest manager",
                    "type": "string",
                    "title": "User Privacy Search Interest Manager"
                },
                "dt": {
                    "description": "The day that the event occured",
                    "type": "string",
                    "title": "Event Day"
                },
                "ip_geo_info#state": {
                    "description": "The state where the event occured",
                    "type": "string",
                    "title": "State"
                },
                "mobile_device_locale": {
                    "description": "Locale of the mobile device (e.g. en, fr), null for non-mobile events",
                    "type": "string",
                    "title": "Mobile Device Locale"
                },
                "page_domain": {
                    "description": "Domain name of the loaded page URL",
                    "type": "string",
                    "title": "Page Domain"
                },
                "referrer_domain": {
                    "description": "Domain part of HTTP referrer",
                    "type": "string",
                    "title": "Referrer Domain"
                },
                "is_logged_in": {
                    "description": "True if the user was logged in at the time of the event, false otherwise",
                    "type": "string",
                    "title": "Is User Logged In"
                },
                "mobile_device_make": {
                    "description": "Mobile device make (e.g. Apple, Samsung), null for non-mobile events",
                    "type": "string",
                    "title": "Mobile Device Make"
                },
                "page_search_term": {
                    "description": "The search term the user used when searching through a Yahoo Search box",
                    "type": "string",
                    "title": "Page Search Term"
                },
                "mobile_app_version": {
                    "description": "Mobile app version number that the generated the event, null for non-mobile events",
                    "type": "string",
                    "title": "Mobile App Version"
                },
                "browser_version": {
                    "description": "Web Browser Version",
                    "type": "string",
                    "title": "Browser Version"
                },
                "logged_event_timestamp": {
                    "description": "Timestamp of event log entry in unix epoch format",
                    "type": "string",
                    "title": "Logged Event Timestamp"
                },
                "event": {
                    "description": "Descriptive label for the activity or intent of the event",
                    "type": "string",
                    "title": "Event Description"
                },
                "user_agent": {
                    "description": "User agent",
                    "type": "string",
                    "title": "User Agent"
                },
                "mobile_device_model": {
                    "description": "Mobile device model, null for non-mobile events",
                    "type": "string",
                    "title": "Mobile Device Model"
                },
                "user_privacy_info#master_optout": {
                    "description": "If this is set to 1 then the event must not be used in profile creation for ads or personalization",
                    "type": "string",
                    "title": "User Privacy Opt Out"
                },
                "mobile_os_version": {
                    "description": "Version of the operating system running on the mobile device, null for non-mobile events",
                    "type": "string",
                    "title": "Mobile OS Version"
                },
                "user_device_info#device_type": {
                    "description": "The type of device used",
                    "type": "string",
                    "title": "User Device Type"
                },
                "mobile_app_name": {
                    "description": "Mobile app name in which the event occured, null for non-mobile events",
                    "type": "string",
                    "title": "Mobile App Name"
                },
                "ip_address": {
                    "description": "IP Address of the user in either v4 or v6 format",
                    "type": "string",
                    "title": "IP Address"
                },
                "ip_geo_info#isp": {
                    "description": "The Internet Service Provider, looked up from the IP address",
                    "type": "string",
                    "title": "Internet Service Provider"
                },
                "user_device_info#carrier": {
                    "description": "The wireless carrier used by the device",
                    "type": "string",
                    "title": "User Device Carrier"
                },
                "browser_name": {
                    "description": "Web Browser Name",
                    "type": "string",
                    "title": "Browser Name"
                },
                "user_device_info#make": {
                    "description": "The brand/company that created the device",
                    "type": "string",
                    "title": "User Device Make"
                },
                "ip_geo_info#city": {
                    "description": "The city where the event occured",
                    "type": "string",
                    "title": "City"
                },
                "user_privacy_info#dnt": {
                    "description": "Do Not Track (DNT) browser header, 0 means the user can be tracked, 1 means do not track, anything else means the flag is not set",
                    "type": "string",
                    "title": "User Privacy DNT"
                },
                "referrer_search_term": {
                    "description": "Pulled from referrer URI. Search term on external site that led to Yahoo",
                    "type": "string",
                    "title": "Referrer Search Term"
                },
                "user_device_info#model": {
                    "description": "The name/model of the device",
                    "type": "string",
                    "title": "User Device Model"
                },
                "ip_geo_info#country": {
                    "description": "The country where the event occured",
                    "type": "string",
                    "title": "Country"
                },
                "mobile_os_name": {
                    "description": "Name of the operating system running on the mobile device, null for non-mobile events",
                    "type": "string",
                    "title": "Mobile OS Name"
                }
            }
        }
    }},
    "$id": "benzene_schema_v7_ccpa"
}