{"user_data": [
    {
        "activity_time": "1556115707000",
        "conversion_category": "View Content",
        "conversion_source": "Kayak",
        "user_agent": "Mozilla/5.0 (iPad; CPU OS 9_3_5 like Mac OS X) AppleWebKit/601.1.46 (KHTML, like Gecko) Version/9.0 Mobile/13G36 Safari/601.1"
    },
    {
        "activity_time": "1556115707000",
        "conversion_category": "Page View"
    },
    {
        "activity_time": "1556115709000",
        "conversion_category": "Page View",
        "conversion_source": "KAYAK.COM"
    },
    {
        "activity_time": "1559823548000",
        "conversion_source": "TEST TEST TEST",
        "user_agent": "Mozilla/5.0 (Linux; Android 7.1.1; CPH1729) AppleWebKit/537.36 (KHTML, like Gecko) Chrome/74.0.3729.157 Mobile Safari/537.36"
    },
    {
        "activity_time": "1559823548000",
        "conversion_category": "Page View",
        "conversion_source": "Yahoo Inc.\u0002YAHOO U K LTD\u0002Yahoo Inc.\u0002Yahoo Inc.\u0002Yahoo Inc.\u0002Yahoo Inc.\u0002YAHOO U K LTD\u0002Yahoo Inc."
    },
    {
        "activity_time": "1560477049000",
        "conversion_category": "Page View",
        "conversion_source": "ADOBE SYSTEMS INCORPORATED"
    },
    {
        "activity_time": "1561366286000",
        "conversion_category": "Page View",
        "conversion_source": "Growth Acceleration Partners, LLC"
    },
    {
        "activity_time": "1561366658000",
        "conversion_category": "Page View",
        "conversion_source": "Growth Acceleration Partners, LLC"
    },
    {
        "activity_time": "1561792816000",
        "conversion_category": "Page View",
        "conversion_source": "Feature Forward Ltd"
    },
    {
        "activity_time": "1561792838000",
        "conversion_category": "Page View",
        "conversion_source": "Feature Forward Ltd"
    },
    {
        "activity_time": "1561792839000",
        "conversion_category": "Page View",
        "conversion_source": "Zemanta"
    },
    {
        "activity_time": "1561792849000",
        "conversion_category": "Page View",
        "conversion_source": "Feature Forward Ltd"
    },
    {
        "activity_time": "1561792876000",
        "conversion_category": "Page View",
        "conversion_source": "Feature Forward Ltd"
    },
    {
        "activity_time": "1561792897000",
        "conversion_category": "Page View",
        "conversion_source": "Feature Forward Ltd"
    },
    {
        "activity_time": "1561793441000",
        "conversion_category": "Page View",
        "conversion_source": "Feature Forward Ltd"
    },
    {
        "activity_time": "1561793462000",
        "conversion_category": "Page View",
        "conversion_source": "Feature Forward Ltd"
    },
    {
        "activity_time": "1561793514000",
        "conversion_category": "Page View",
        "conversion_source": "Feature Forward Ltd"
    },
    {
        "activity_time": "1561793533000",
        "conversion_category": "Page View",
        "conversion_source": "Feature Forward Ltd"
    },
    {
        "activity_time": "1561793555000",
        "conversion_category": "Page View",
        "conversion_source": "Feature Forward Ltd"
    },
    {
        "activity_time": "1561793563000",
        "conversion_category": "Page View",
        "conversion_source": "Feature Forward Ltd"
    },
    {
        "activity_time": "1561793570000",
        "conversion_category": "Page View",
        "conversion_source": "Feature Forward Ltd"
    },
    {
        "activity_time": "1561793590000",
        "conversion_category": "Page View",
        "conversion_source": "Feature Forward Ltd"
    },
    {
        "activity_time": "1561793609000",
        "conversion_category": "Page View",
        "conversion_source": "Feature Forward Ltd"
    },
    {
        "activity_time": "1561793624000",
        "conversion_category": "Page View",
        "conversion_source": "Feature Forward Ltd"
    },
    {
        "activity_time": "1561793648000",
        "conversion_category": "Page View",
        "conversion_source": "Feature Forward Ltd"
    },
    {
        "activity_time": "1561793669000",
        "conversion_category": "Page View",
        "conversion_source": "Feature Forward Ltd"
    },
    {
        "activity_time": "1561793679000",
        "conversion_category": "Page View",
        "conversion_source": "Feature Forward Ltd"
    },
    {
        "activity_time": "1561793689000",
        "conversion_category": "Page View",
        "conversion_source": "Feature Forward Ltd"
    },
    {
        "activity_time": "1561794191000",
        "conversion_category": "Page View",
        "conversion_source": "Asiapac Net Media Ltd \u2013 Stream Ads 043"
    },
    {
        "activity_time": "1561794258000",
        "conversion_category": "Page View",
        "conversion_source": "Asiapac Net Media Ltd \u2013 Stream Ads 043"
    },
    {
        "activity_time": "1561794289000",
        "conversion_category": "Page View",
        "conversion_source": "Asiapac Net Media Ltd \u2013 Stream Ads 043"
    },
    {
        "activity_time": "1561794306000",
        "conversion_category": "Page View",
        "conversion_source": "Asiapac Net Media Ltd \u2013 Stream Ads 043"
    },
    {
        "activity_time": "1561794313000",
        "conversion_category": "Page View",
        "conversion_source": "Asiapac Net Media Ltd \u2013 Stream Ads 043"
    },
    {
        "activity_time": "1561794432000",
        "conversion_category": "Page View",
        "conversion_source": "Asiapac Net Media Ltd \u2013 Stream Ads 043"
    },
    {
        "activity_time": "1561794446000",
        "conversion_category": "Page View",
        "conversion_source": "Criteo KK"
    },
    {
        "activity_time": "1561794504000",
        "conversion_category": "Page View",
        "conversion_source": "Asiapac Net Media Ltd \u2013 Stream Ads 043"
    },
    {
        "activity_time": "1561794518000",
        "conversion_category": "Page View",
        "conversion_source": "Criteo KK"
    },
    {
        "activity_time": "1562054807000",
        "conversion_category": "Page View",
        "conversion_source": "Ancient Brands, LLC dba Ancient Nutrition"
    },
    {
        "activity_time": "1564392342000",
        "conversion_category": "Page View"
    },
    {
        "activity_time": "1564392343000",
        "conversion_category": "Page View"
    },
    {
        "activity_time": "1566703855000",
        "conversion_category": "Page View",
        "conversion_source": "ADOBE SYSTEMS INCORPORATED"
    },
    {
        "activity_time": "1567518147000",
        "conversion_category": "Page View",
        "conversion_source": "ADOBE SYSTEMS INCORPORATED\u0002ADOBE SYSTEMS INCORPORATED"
    },
    {
        "activity_time": "1567751636000",
        "conversion_category": "Page View",
        "conversion_source": "ADOBE SYSTEMS INCORPORATED\u0002ADOBE SYSTEMS INCORPORATED"
    },
    {
        "activity_time": "1567766360000",
        "conversion_category": "Page View",
        "conversion_source": "ADOBE SYSTEMS INCORPORATED\u0002ADOBE SYSTEMS INCORPORATED"
    },
    {
        "activity_time": "1568273256000",
        "conversion_category": "Page View"
    },
    {
        "activity_time": "1569849262000",
        "conversion_category": "Page View",
        "conversion_source": "ADOBE SYSTEMS INCORPORATED\u0002ADOBE SYSTEMS INCORPORATED"
    },
    {
        "activity_time": "1570440237000",
        "conversion_category": "Page View",
        "conversion_source": "ADOBE SYSTEMS INCORPORATED\u0002ADOBE SYSTEMS INCORPORATED"
    },
    {
        "activity_time": "1571868103000",
        "conversion_category": "Page View",
        "conversion_source": "ADOBE SYSTEMS INCORPORATED\u0002ADOBE SYSTEMS INCORPORATED"
    },
    {
        "activity_time": "1573258451000",
        "conversion_category": "Page View",
        "conversion_source": "ADOBE SYSTEMS INCORPORATED\u0002ADOBE SYSTEMS INCORPORATED"
    },
    {
        "activity_time": "1574235177000",
        "conversion_category": "Page View",
        "conversion_source": "ADOBE SYSTEMS INCORPORATED\u0002ADOBE SYSTEMS INCORPORATED"
    },
    {
        "activity_time": "1575171969000",
        "conversion_category": "Page View",
        "conversion_source": "ADOBE SYSTEMS INCORPORATED\u0002ADOBE SYSTEMS INCORPORATED"
    },
    {
        "activity_time": "1575261411000",
        "conversion_category": "Page View",
        "conversion_source": "ADOBE SYSTEMS INCORPORATED\u0002ADOBE SYSTEMS INCORPORATED"
    },
    {
        "activity_time": "1576209307000",
        "conversion_category": "Page View",
        "conversion_source": "ADOBE SYSTEMS INCORPORATED\u0002ADOBE SYSTEMS INCORPORATED"
    },
    {
        "activity_time": "1576307000000",
        "conversion_category": "Page View",
        "conversion_source": "NBCUNIVERSAL INTERNATIONAL LIMITED"
    },
    {
        "activity_time": "1577427259000",
        "conversion_category": "Page View",
        "conversion_source": "ADOBE SYSTEMS INCORPORATED\u0002ADOBE SYSTEMS INCORPORATED"
    },
    {
        "activity_time": "1577603696000",
        "conversion_category": "Page View",
        "conversion_source": "ADOBE SYSTEMS INCORPORATED\u0002ADOBE SYSTEMS INCORPORATED"
    },
    {
        "activity_time": "1578104544000",
        "conversion_category": "Page View",
        "conversion_source": "ADOBE SYSTEMS INCORPORATED\u0002ADOBE SYSTEMS INCORPORATED"
    },
    {
        "activity_time": "1578165367000",
        "conversion_category": "Page View",
        "conversion_source": "ADOBE SYSTEMS INCORPORATED\u0002ADOBE SYSTEMS INCORPORATED"
    },
    {
        "activity_time": "1578609293000",
        "conversion_category": "Page View",
        "conversion_source": "ADOBE SYSTEMS INCORPORATED\u0002ADOBE SYSTEMS INCORPORATED"
    },
    {
        "activity_time": "1579087358000",
        "conversion_category": "Page View",
        "conversion_source": "HITACHI ASIA LTD."
    },
    {
        "activity_time": "1579087358000",
        "conversion_category": "View Content",
        "conversion_source": "HITACHI ASIA LTD.",
        "user_agent": "Mozilla/5.0 (Linux; Android 4.2.2; Lenovo A680_ROW Build/JDQ39) AppleWebKit/537.36 (KHTML, like Gecko) Chrome/42.0.2311.111 Mobile Safari/537.36"
    },
    {
        "activity_time": "1579087392000",
        "conversion_category": "View Content",
        "conversion_source": "HITACHI ASIA LTD.",
        "user_agent": "Mozilla/5.0 (Linux; Android 4.2.2; Lenovo A680_ROW Build/JDQ39) AppleWebKit/537.36 (KHTML, like Gecko) Chrome/42.0.2311.111 Mobile Safari/537.36"
    },
    {
        "activity_time": "1579087392000",
        "conversion_category": "Page View",
        "conversion_source": "HITACHI ASIA LTD."
    },
    {
        "activity_time": "1579087416000",
        "conversion_category": "Page View",
        "conversion_source": "HITACHI ASIA LTD."
    },
    {
        "activity_time": "1579087416000",
        "conversion_category": "View Content",
        "conversion_source": "HITACHI ASIA LTD.",
        "user_agent": "Mozilla/5.0 (Linux; Android 4.2.2; Lenovo A680_ROW Build/JDQ39) AppleWebKit/537.36 (KHTML, like Gecko) Chrome/42.0.2311.111 Mobile Safari/537.36"
    },
    {
        "activity_time": "1579087433000",
        "conversion_category": "Page View",
        "conversion_source": "HITACHI ASIA LTD."
    },
    {
        "activity_time": "1579087433000",
        "conversion_category": "View Content",
        "conversion_source": "HITACHI ASIA LTD.",
        "user_agent": "Mozilla/5.0 (Linux; Android 4.2.2; Lenovo A680_ROW Build/JDQ39) AppleWebKit/537.36 (KHTML, like Gecko) Chrome/42.0.2311.111 Mobile Safari/537.36"
    },
    {
        "activity_time": "1579087447000",
        "conversion_category": "Page View",
        "conversion_source": "HITACHI ASIA LTD."
    },
    {
        "activity_time": "1579087447000",
        "conversion_category": "View Content",
        "conversion_source": "HITACHI ASIA LTD.",
        "user_agent": "Mozilla/5.0 (Linux; Android 4.2.2; Lenovo A680_ROW Build/JDQ39) AppleWebKit/537.36 (KHTML, like Gecko) Chrome/42.0.2311.111 Mobile Safari/537.36"
    },
    {
        "activity_time": "1579180773000",
        "conversion_category": "View Content",
        "conversion_source": "HITACHI ASIA LTD.",
        "user_agent": "Mozilla/5.0 (Linux; Android 4.2.2; Lenovo A680_ROW Build/JDQ39) AppleWebKit/537.36 (KHTML, like Gecko) Chrome/42.0.2311.111 Mobile Safari/537.36"
    },
    {
        "activity_time": "1579180773000",
        "conversion_category": "Page View",
        "conversion_source": "HITACHI ASIA LTD."
    },
    {
        "activity_time": "1579180806000",
        "conversion_category": "Page View",
        "conversion_source": "HITACHI ASIA LTD."
    },
    {
        "activity_time": "1579180806000",
        "conversion_category": "View Content",
        "conversion_source": "HITACHI ASIA LTD.",
        "user_agent": "Mozilla/5.0 (Linux; Android 4.2.2; Lenovo A680_ROW Build/JDQ39) AppleWebKit/537.36 (KHTML, like Gecko) Chrome/42.0.2311.111 Mobile Safari/537.36"
    },
    {
        "activity_time": "1579180816000",
        "conversion_category": "Page View",
        "conversion_source": "HITACHI ASIA LTD."
    },
    {
        "activity_time": "1579180816000",
        "conversion_category": "View Content",
        "conversion_source": "HITACHI ASIA LTD.",
        "user_agent": "Mozilla/5.0 (Linux; Android 4.2.2; Lenovo A680_ROW Build/JDQ39) AppleWebKit/537.36 (KHTML, like Gecko) Chrome/42.0.2311.111 Mobile Safari/537.36"
    },
    {
        "activity_time": "1579180832000",
        "conversion_category": "Page View",
        "conversion_source": "HITACHI ASIA LTD."
    },
    {
        "activity_time": "1579180832000",
        "conversion_category": "View Content",
        "conversion_source": "HITACHI ASIA LTD.",
        "user_agent": "Mozilla/5.0 (Linux; Android 4.2.2; Lenovo A680_ROW Build/JDQ39) AppleWebKit/537.36 (KHTML, like Gecko) Chrome/42.0.2311.111 Mobile Safari/537.36"
    },
    {
        "activity_time": "1579180841000",
        "conversion_category": "Page View",
        "conversion_source": "HITACHI ASIA LTD."
    },
    {
        "activity_time": "1579180841000",
        "conversion_category": "View Content",
        "conversion_source": "HITACHI ASIA LTD.",
        "user_agent": "Mozilla/5.0 (Linux; Android 4.2.2; Lenovo A680_ROW Build/JDQ39) AppleWebKit/537.36 (KHTML, like Gecko) Chrome/42.0.2311.111 Mobile Safari/537.36"
    },
    {
        "activity_time": "1579180875000",
        "conversion_category": "Page View",
        "conversion_source": "HITACHI ASIA LTD."
    },
    {
        "activity_time": "1579180875000",
        "conversion_category": "View Content",
        "conversion_source": "HITACHI ASIA LTD.",
        "user_agent": "Mozilla/5.0 (Linux; Android 4.2.2; Lenovo A680_ROW Build/JDQ39) AppleWebKit/537.36 (KHTML, like Gecko) Chrome/42.0.2311.111 Mobile Safari/537.36"
    },
    {
        "activity_time": "1579180880000",
        "conversion_category": "Page View",
        "conversion_source": "HITACHI ASIA LTD."
    },
    {
        "activity_time": "1579180880000",
        "conversion_category": "View Content",
        "conversion_source": "HITACHI ASIA LTD.",
        "user_agent": "Mozilla/5.0 (Linux; Android 4.2.2; Lenovo A680_ROW Build/JDQ39) AppleWebKit/537.36 (KHTML, like Gecko) Chrome/42.0.2311.111 Mobile Safari/537.36"
    },
    {
        "activity_time": "1579180898000",
        "conversion_category": "Page View",
        "conversion_source": "HITACHI ASIA LTD."
    },
    {
        "activity_time": "1579180898000",
        "conversion_category": "View Content",
        "conversion_source": "HITACHI ASIA LTD.",
        "user_agent": "Mozilla/5.0 (Linux; Android 4.2.2; Lenovo A680_ROW Build/JDQ39) AppleWebKit/537.36 (KHTML, like Gecko) Chrome/42.0.2311.111 Mobile Safari/537.36"
    },
    {
        "activity_time": "1579180910000",
        "conversion_category": "Page View",
        "conversion_source": "HITACHI ASIA LTD."
    },
    {
        "activity_time": "1579180910000",
        "conversion_category": "View Content",
        "conversion_source": "HITACHI ASIA LTD.",
        "user_agent": "Mozilla/5.0 (Linux; Android 4.2.2; Lenovo A680_ROW Build/JDQ39) AppleWebKit/537.36 (KHTML, like Gecko) Chrome/42.0.2311.111 Mobile Safari/537.36"
    },
    {
        "activity_time": "1579180947000",
        "conversion_category": "Page View",
        "conversion_source": "HITACHI ASIA LTD."
    },
    {
        "activity_time": "1579180947000",
        "conversion_category": "View Content",
        "conversion_source": "HITACHI ASIA LTD.",
        "user_agent": "Mozilla/5.0 (Linux; Android 4.2.2; Lenovo A680_ROW Build/JDQ39) AppleWebKit/537.36 (KHTML, like Gecko) Chrome/42.0.2311.111 Mobile Safari/537.36"
    },
    {
        "activity_time": "1579180953000",
        "conversion_category": "View Content",
        "conversion_source": "HITACHI ASIA LTD.",
        "user_agent": "Mozilla/5.0 (Linux; Android 4.2.2; Lenovo A680_ROW Build/JDQ39) AppleWebKit/537.36 (KHTML, like Gecko) Chrome/42.0.2311.111 Mobile Safari/537.36"
    },
    {
        "activity_time": "1579180953000",
        "conversion_category": "Page View",
        "conversion_source": "HITACHI ASIA LTD."
    },
    {
        "activity_time": "1579184068000",
        "conversion_category": "Page View",
        "conversion_source": "HITACHI ASIA LTD."
    },
    {
        "activity_time": "1579184068000",
        "conversion_category": "View Content",
        "conversion_source": "HITACHI ASIA LTD.",
        "user_agent": "Mozilla/5.0 (Linux; Android 4.2.2; Lenovo A680_ROW Build/JDQ39) AppleWebKit/537.36 (KHTML, like Gecko) Chrome/42.0.2311.111 Mobile Safari/537.36"
    },
    {
        "activity_time": "1579184072000",
        "conversion_category": "Page View",
        "conversion_source": "HITACHI ASIA LTD."
    },
    {
        "activity_time": "1579184072000",
        "conversion_category": "View Content",
        "conversion_source": "HITACHI ASIA LTD.",
        "user_agent": "Mozilla/5.0 (Linux; Android 4.2.2; Lenovo A680_ROW Build/JDQ39) AppleWebKit/537.36 (KHTML, like Gecko) Chrome/42.0.2311.111 Mobile Safari/537.36"
    },
    {
        "activity_time": "1579184095000",
        "conversion_category": "Page View",
        "conversion_source": "HITACHI ASIA LTD."
    },
    {
        "activity_time": "1579184095000",
        "conversion_category": "View Content",
        "conversion_source": "HITACHI ASIA LTD.",
        "user_agent": "Mozilla/5.0 (Linux; Android 4.2.2; Lenovo A680_ROW Build/JDQ39) AppleWebKit/537.36 (KHTML, like Gecko) Chrome/42.0.2311.111 Mobile Safari/537.36"
    },
    {
        "activity_time": "1579184100000",
        "conversion_category": "Page View",
        "conversion_source": "HITACHI ASIA LTD."
    },
    {
        "activity_time": "1579184100000",
        "conversion_category": "View Content",
        "conversion_source": "HITACHI ASIA LTD.",
        "user_agent": "Mozilla/5.0 (Linux; Android 4.2.2; Lenovo A680_ROW Build/JDQ39) AppleWebKit/537.36 (KHTML, like Gecko) Chrome/42.0.2311.111 Mobile Safari/537.36"
    },
    {
        "activity_time": "1579481008000",
        "conversion_category": "Page View",
        "conversion_source": "HITACHI ASIA LTD."
    },
    {
        "activity_time": "1579481008000",
        "conversion_category": "View Content",
        "conversion_source": "HITACHI ASIA LTD.",
        "user_agent": "Mozilla/5.0 (Linux; Android 4.2.2; Lenovo A680_ROW Build/JDQ39) AppleWebKit/537.36 (KHTML, like Gecko) Chrome/42.0.2311.111 Mobile Safari/537.36"
    },
    {
        "activity_time": "1579481011000",
        "conversion_category": "Page View",
        "conversion_source": "HITACHI ASIA LTD."
    },
    {
        "activity_time": "1579481011000",
        "conversion_category": "View Content",
        "conversion_source": "HITACHI ASIA LTD.",
        "user_agent": "Mozilla/5.0 (Linux; Android 4.2.2; Lenovo A680_ROW Build/JDQ39) AppleWebKit/537.36 (KHTML, like Gecko) Chrome/42.0.2311.111 Mobile Safari/537.36"
    },
    {
        "activity_time": "1579481057000",
        "conversion_category": "Page View",
        "conversion_source": "HITACHI ASIA LTD."
    },
    {
        "activity_time": "1579481057000",
        "conversion_category": "View Content",
        "conversion_source": "HITACHI ASIA LTD.",
        "user_agent": "Mozilla/5.0 (Linux; Android 4.2.2; Lenovo A680_ROW Build/JDQ39) AppleWebKit/537.36 (KHTML, like Gecko) Chrome/42.0.2311.111 Mobile Safari/537.36"
    },
    {
        "activity_time": "1579481063000",
        "conversion_category": "Page View",
        "conversion_source": "HITACHI ASIA LTD."
    },
    {
        "activity_time": "1579481063000",
        "conversion_category": "View Content",
        "conversion_source": "HITACHI ASIA LTD.",
        "user_agent": "Mozilla/5.0 (Linux; Android 4.2.2; Lenovo A680_ROW Build/JDQ39) AppleWebKit/537.36 (KHTML, like Gecko) Chrome/42.0.2311.111 Mobile Safari/537.36"
    },
    {
        "activity_time": "1579487224000",
        "conversion_category": "Page View",
        "conversion_source": "Novelty Magazines Inc"
    },
    {
        "activity_time": "1579487225000",
        "conversion_category": "Page View",
        "conversion_source": "Novelty Magazines Inc"
    },
    {
        "activity_time": "1579488100000",
        "conversion_category": "Page View",
        "conversion_source": "ADOBE SYSTEMS INCORPORATED"
    },
    {
        "activity_time": "1579498803000",
        "conversion_category": "Page View",
        "conversion_source": "ADOBE SYSTEMS INCORPORATED"
    },
    {
        "activity_time": "1579498805000",
        "conversion_category": "Page View",
        "conversion_source": "ADOBE SYSTEMS INCORPORATED"
    },
    {
        "activity_time": "1579498819000",
        "conversion_category": "Page View",
        "conversion_source": "ADOBE SYSTEMS INCORPORATED"
    },
    {
        "activity_time": "1579593900000",
        "conversion_category": "Page View",
        "conversion_source": "ADOBE SYSTEMS INCORPORATED"
    },
    {
        "activity_time": "1579651537000",
        "conversion_category": "Page View",
        "conversion_source": "ADOBE SYSTEMS INCORPORATED"
    },
    {
        "activity_time": "1579743960000",
        "conversion_category": "Page View",
        "conversion_source": "ADOBE SYSTEMS INCORPORATED"
    },
    {
        "activity_time": "1580779073000",
        "conversion_category": "Page View",
        "conversion_source": "HITACHI ASIA LTD."
    },
    {
        "activity_time": "1580779073000",
        "conversion_category": "View Content",
        "conversion_source": "HITACHI ASIA LTD.",
        "user_agent": "Mozilla/5.0 (Linux; Android 8.1.0; CPH1909) AppleWebKit/537.36 (KHTML, like Gecko) Chrome/79.0.3945.136 Mobile Safari/537.36"
    },
    {
        "activity_time": "1581292288000",
        "conversion_category": "View Content",
        "conversion_source": "HITACHI ASIA LTD.",
        "user_agent": "Mozilla/5.0 (Windows NT 6.1; Win64; x64) AppleWebKit/537.36 (KHTML, like Gecko) Chrome/62.0.3202.75 Safari/537.36"
    },
    {
        "activity_time": "1581292288000",
        "conversion_category": "Page View",
        "conversion_source": "HITACHI ASIA LTD."
    },
    {
        "activity_time": "1581292316000",
        "conversion_category": "Page View",
        "conversion_source": "HITACHI ASIA LTD."
    },
    {
        "activity_time": "1581292316000",
        "conversion_category": "View Content",
        "conversion_source": "HITACHI ASIA LTD.",
        "user_agent": "Mozilla/5.0 (Windows NT 6.1; Win64; x64) AppleWebKit/537.36 (KHTML, like Gecko) Chrome/62.0.3202.75 Safari/537.36"
    },
    {
        "activity_time": "1581292453000",
        "conversion_category": "Page View",
        "conversion_source": "HITACHI ASIA LTD."
    },
    {
        "activity_time": "1581292453000",
        "conversion_category": "View Content",
        "conversion_source": "HITACHI ASIA LTD.",
        "user_agent": "Mozilla/5.0 (Windows NT 6.1; Win64; x64) AppleWebKit/537.36 (KHTML, like Gecko) Chrome/62.0.3202.75 Safari/537.36"
    },
    {
        "activity_time": "1581292464000",
        "conversion_category": "Page View",
        "conversion_source": "HITACHI ASIA LTD."
    },
    {
        "activity_time": "1581292464000",
        "conversion_category": "View Content",
        "conversion_source": "HITACHI ASIA LTD.",
        "user_agent": "Mozilla/5.0 (Windows NT 6.1; Win64; x64) AppleWebKit/537.36 (KHTML, like Gecko) Chrome/62.0.3202.75 Safari/537.36"
    },
    {
        "activity_time": "1581292626000",
        "conversion_category": "Page View",
        "conversion_source": "HITACHI ASIA LTD."
    },
    {
        "activity_time": "1581292626000",
        "conversion_category": "View Content",
        "conversion_source": "HITACHI ASIA LTD.",
        "user_agent": "Mozilla/5.0 (Windows NT 6.1; Win64; x64) AppleWebKit/537.36 (KHTML, like Gecko) Chrome/62.0.3202.75 Safari/537.36"
    },
    {
        "activity_time": "1581292648000",
        "conversion_category": "View Content",
        "conversion_source": "HITACHI ASIA LTD.",
        "user_agent": "Mozilla/5.0 (Windows NT 6.1; Win64; x64) AppleWebKit/537.36 (KHTML, like Gecko) Chrome/62.0.3202.75 Safari/537.36"
    },
    {
        "activity_time": "1581292648000",
        "conversion_category": "Page View",
        "conversion_source": "HITACHI ASIA LTD."
    },
    {
        "activity_time": "1581292651000",
        "conversion_category": "Page View",
        "conversion_source": "HITACHI ASIA LTD."
    },
    {
        "activity_time": "1581292651000",
        "conversion_category": "View Content",
        "conversion_source": "HITACHI ASIA LTD.",
        "user_agent": "Mozilla/5.0 (Windows NT 6.1; Win64; x64) AppleWebKit/537.36 (KHTML, like Gecko) Chrome/62.0.3202.75 Safari/537.36"
    },
    {
        "activity_time": "1581292672000",
        "conversion_category": "Page View",
        "conversion_source": "HITACHI ASIA LTD."
    },
    {
        "activity_time": "1581292672000",
        "conversion_category": "View Content",
        "conversion_source": "HITACHI ASIA LTD.",
        "user_agent": "Mozilla/5.0 (Windows NT 6.1; Win64; x64) AppleWebKit/537.36 (KHTML, like Gecko) Chrome/62.0.3202.75 Safari/537.36"
    },
    {
        "activity_time": "1581292687000",
        "conversion_category": "Page View",
        "conversion_source": "HITACHI ASIA LTD."
    },
    {
        "activity_time": "1581292687000",
        "conversion_category": "View Content",
        "conversion_source": "HITACHI ASIA LTD.",
        "user_agent": "Mozilla/5.0 (Windows NT 6.1; Win64; x64) AppleWebKit/537.36 (KHTML, like Gecko) Chrome/62.0.3202.75 Safari/537.36"
    },
    {
        "activity_time": "1581292690000",
        "conversion_category": "Page View",
        "conversion_source": "HITACHI ASIA LTD."
    },
    {
        "activity_time": "1581292690000",
        "conversion_category": "View Content",
        "conversion_source": "HITACHI ASIA LTD.",
        "user_agent": "Mozilla/5.0 (Windows NT 6.1; Win64; x64) AppleWebKit/537.36 (KHTML, like Gecko) Chrome/62.0.3202.75 Safari/537.36"
    },
    {
        "activity_time": "1581292699000",
        "conversion_category": "View Content",
        "conversion_source": "HITACHI ASIA LTD.",
        "user_agent": "Mozilla/5.0 (Windows NT 6.1; Win64; x64) AppleWebKit/537.36 (KHTML, like Gecko) Chrome/62.0.3202.75 Safari/537.36"
    },
    {
        "activity_time": "1581292699000",
        "conversion_category": "Page View",
        "conversion_source": "HITACHI ASIA LTD."
    },
    {
        "activity_time": "1581292713000",
        "conversion_category": "Page View",
        "conversion_source": "HITACHI ASIA LTD."
    },
    {
        "activity_time": "1581292713000",
        "conversion_category": "View Content",
        "conversion_source": "HITACHI ASIA LTD.",
        "user_agent": "Mozilla/5.0 (Windows NT 6.1; Win64; x64) AppleWebKit/537.36 (KHTML, like Gecko) Chrome/62.0.3202.75 Safari/537.36"
    },
    {
        "activity_time": "1581292718000",
        "conversion_category": "Page View",
        "conversion_source": "HITACHI ASIA LTD."
    },
    {
        "activity_time": "1581292718000",
        "conversion_category": "View Content",
        "conversion_source": "HITACHI ASIA LTD.",
        "user_agent": "Mozilla/5.0 (Windows NT 6.1; Win64; x64) AppleWebKit/537.36 (KHTML, like Gecko) Chrome/62.0.3202.75 Safari/537.36"
    },
    {
        "activity_time": "1581292865000",
        "conversion_category": "View Content",
        "conversion_source": "HITACHI ASIA LTD.",
        "user_agent": "Mozilla/5.0 (Windows NT 6.1; Win64; x64) AppleWebKit/537.36 (KHTML, like Gecko) Chrome/62.0.3202.75 Safari/537.36"
    },
    {
        "activity_time": "1581292869000",
        "conversion_category": "View Content",
        "conversion_source": "HITACHI ASIA LTD.",
        "user_agent": "Mozilla/5.0 (Windows NT 6.1; Win64; x64) AppleWebKit/537.36 (KHTML, like Gecko) Chrome/62.0.3202.75 Safari/537.36"
    },
    {
        "activity_time": "1581292878000",
        "conversion_category": "View Content",
        "conversion_source": "HITACHI ASIA LTD.",
        "user_agent": "Mozilla/5.0 (Windows NT 6.1; Win64; x64) AppleWebKit/537.36 (KHTML, like Gecko) Chrome/62.0.3202.75 Safari/537.36"
    },
    {
        "activity_time": "1581292886000",
        "conversion_category": "View Content",
        "conversion_source": "HITACHI ASIA LTD.",
        "user_agent": "Mozilla/5.0 (Windows NT 6.1; Win64; x64) AppleWebKit/537.36 (KHTML, like Gecko) Chrome/62.0.3202.75 Safari/537.36"
    },
    {
        "activity_time": "1581292956000",
        "conversion_category": "View Content",
        "conversion_source": "HITACHI ASIA LTD.",
        "user_agent": "Mozilla/5.0 (Windows NT 6.1; Win64; x64) AppleWebKit/537.36 (KHTML, like Gecko) Chrome/62.0.3202.75 Safari/537.36"
    },
    {
        "activity_time": "1581293738000",
        "conversion_category": "View Content",
        "conversion_source": "HITACHI ASIA LTD.",
        "user_agent": "Mozilla/5.0 (Windows NT 6.1; Win64; x64) AppleWebKit/537.36 (KHTML, like Gecko) Chrome/62.0.3202.75 Safari/537.36"
    },
    {
        "activity_time": "1581293905000",
        "conversion_category": "View Content",
        "conversion_source": "HITACHI ASIA LTD.",
        "user_agent": "Mozilla/5.0 (Windows NT 6.1; Win64; x64) AppleWebKit/537.36 (KHTML, like Gecko) Chrome/62.0.3202.75 Safari/537.36"
    },
    {
        "activity_time": "1581293917000",
        "conversion_category": "View Content",
        "conversion_source": "HITACHI ASIA LTD.",
        "user_agent": "Mozilla/5.0 (Windows NT 6.1; Win64; x64) AppleWebKit/537.36 (KHTML, like Gecko) Chrome/62.0.3202.75 Safari/537.36"
    },
    {
        "activity_time": "1581293932000",
        "conversion_category": "View Content",
        "conversion_source": "HITACHI ASIA LTD.",
        "user_agent": "Mozilla/5.0 (Windows NT 6.1; Win64; x64) AppleWebKit/537.36 (KHTML, like Gecko) Chrome/62.0.3202.75 Safari/537.36"
    },
    {
        "activity_time": "1581293953000",
        "conversion_category": "View Content",
        "conversion_source": "HITACHI ASIA LTD.",
        "user_agent": "Mozilla/5.0 (Windows NT 6.1; Win64; x64) AppleWebKit/537.36 (KHTML, like Gecko) Chrome/62.0.3202.75 Safari/537.36"
    }
]}