{
    "$schema": "http://json-schema.org/draft-06/schema#",
    "categoryData": {
        "thirdParty": [
            "Analytics Providers",
            "Advertising External Parties"
        ],
        "sharedData": [
            "Technical Identifiers",
            "Advertising Inferences"
        ],
        "businessPurpose": [
            "Auditing",
            "Performing services on behalf of Verizon Media",
            "Research"
        ],
        "disclosedData": [
            "Technical Identifiers",
            "Internet or Electronic Network Activity Information",
            "Advertising Inferences"
        ],
        "collectedData": [
            "Technical Identifiers",
            "Internet or Electronic Network Activity Information",
            "Geolocation Information",
            "Commercial Information",
            "Advertising Inferences",
            "Content Inferences",
            "Non-Advertising or Non-Content Inferences"
        ],
        "serviceProvider": ["Product does not disclose your personal information for business purposes"],
        "source": [
            "Verizon Media websites and apps",
            "External party websites and apps where Verizon Media technologies serves content or ads or measurement",
            "External Party Data Partners",
            "Verizon Media Analytics Services",
            "Websites, apps or other public sources"
        ],
        "commercialPurpose": [
            "Associating User Activity",
            "Delivering Content and Ads",
            "Provide Targeted Advertising",
            "Creating Analytics and Reports for External Parties"
        ]
    },
    "schemaType": "subjectAccessRequest",
    "description": "Data about any of your product or service purchases or any signups with one of our advertisers, from their ads on one of our platforms.",
    "title": "conversions_schema",
    "properties": {"user_data": {
        "description": "Events containing user data.",
        "type": "array",
        "title": "User Data",
        "items": [{
            "type": "object",
            "properties": {
                "activity_time": {
                    "description": "Purchase/Signup Date (in the UTC timezone)",
                    "type": "string",
                    "title": "Conversion Time"
                },
                "conversion_category": {
                    "description": "The type of conversion event (purchase, signup, etc) when available",
                    "type": "string",
                    "title": "Conversion Category"
                },
                "conversion_source": {
                    "description": "The business/site where this event was recorded",
                    "type": "string",
                    "title": "Conversion Source"
                },
                "user_agent": {
                    "description": "Your user agent when the conversion event was recorded",
                    "type": "string",
                    "title": "User Agent"
                }
            }
        }]
    }},
    "$id": "http://www.yahoo.com/conversions_schema-2019.11.19.21#"
}