{
    "$schema": "http://json-schema.org/draft-06/schema#",
    "schemaType": "subjectAccessRequest",
    "description": "Your personal favorites in Yahoo shopping",
    "title": "Yahoo Shopping",
    "properties": {"channels": {
        "description": "your wishlist in Yahoo shopping",
        "type": "array",
        "title": "Channels",
        "items": {
            "type": "object",
            "properties": {
                "wishlist": {
                    "description": "your wishlist in Yahoo shopping",
                    "type": "array",
                    "title": "Wishlist",
                    "items": {
                        "type": "object",
                        "properties": {
                            "updatedTime": {
                                "description": "the time when you updated this wishlist",
                                "type": "string",
                                "title": "Update Date"
                            },
                            "itemName": {
                                "description": "the item name of your wishlist",
                                "type": "string",
                                "title": "Item"
                            },
                            "merchant": {
                                "description": "the merchant name of your wishlist",
                                "type": "string",
                                "title": "Merchant"
                            },
                            "createdTime": {
                                "description": "the time when you created this wishlist",
                                "type": "string",
                                "title": "Creation Date"
                            }
                        }
                    }
                },
                "channel": {
                    "description": "Shopping site by Yahoo.",
                    "type": "string",
                    "title": "Channel"
                }
            }
        }
    }},
    "$id": "http://www.yahoo.com/v1/shopping-gdpr/subject_v5#"
}