{
    "$schema": "http://json-schema.org/draft-06/schema#",
    "schemaType": "subjectAccessRequest",
    "categoryData": {
        "thirdParty": ["Product does not share your personal information for commercial purposes"],
        "sharedData": ["Product does not share your personal information for commercial purposes"],
        "businessPurpose": ["Performing services on behalf of Verizon Media"],
        "disclosedData": [
            "Technical Identifiers",
            "Geolocation Information"
        ],
        "collectedData": [
            "Technical Identifiers",
            "Geolocation Information"
        ],
        "serviceProvider": ["Application Providers"],
        "source": ["Verizon Media websites and apps"],
        "commercialPurpose": ["Product does not share your personal information for commercial purposes"]
    },
    "description": "List of push notification subscriptions for personal events of your account across all devices and applications",
    "additionalProperties": false,
    "title": "Personalized Push Notification Subscriptions",
    "required": [
        "topicRegistrations",
        "tagsRegistrations"
    ],
    "properties": {
        "topicRegistrations": {
            "description": "Push notification subscriptions for personal events of your account",
            "type": "array",
            "title": "List of Personal Event Push Notification Subscriptions",
            "items": {
                "description": "Push notification subscription for personal event",
                "additionalProperties": false,
                "type": "object",
                "title": "Personal Event Push Notification Subscription",
                "required": ["app_id"],
                "properties": {
                    "topic_id": {
                        "description": "Type of events you subscribed to",
                        "title": "Event Type",
                        "type": "string"
                    },
                    "app_id": {
                        "description": "Name of the application related to this subscription",
                        "title": "Application Name",
                        "type": "string"
                    }
                }
            }
        },
        "tagsRegistrations": {
            "description": "List of subscriptions for personalized push notifications",
            "type": "array",
            "title": "Subscriptions for Personalized Push Notifications",
            "items": {
                "description": "Subscription for personalized push notifications",
                "additionalProperties": false,
                "type": "object",
                "title": "Personalized Push Notification Subscriptions",
                "required": [
                    "app_id",
                    "tags",
                    "device_attributes",
                    "app_attributes"
                ],
                "properties": {
                    "app_attributes": {
                        "description": "Application's attributes",
                        "additionalProperties": false,
                        "title": "Application Attributes",
                        "type": "object",
                        "required": [
                            "name",
                            "version"
                        ],
                        "properties": {
                            "name": {
                                "description": "Name of the application related to this subscription",
                                "title": "Application Name",
                                "type": "string"
                            },
                            "version": {
                                "description": "Version of application on which this subscription is honored",
                                "title": "Application version",
                                "type": "string"
                            }
                        }
                    },
                    "app_id": {
                        "description": "Name of the application related to this subscription",
                        "title": "Application Name",
                        "type": "string"
                    },
                    "tags": {
                        "description": "A list of tags used to represent your interests and to filter personalized push notifications",
                        "title": "User tags",
                        "type": "array",
                        "items": {"type": "string"}
                    },
                    "device_attributes": {
                        "description": "Your device's attributes",
                        "additionalProperties": false,
                        "title": "Device Attributes",
                        "type": "object",
                        "required": [
                            "region",
                            "os",
                            "model",
                            "timezone",
                            "language",
                            "os_version",
                            "carrier",
                            "name"
                        ],
                        "properties": {
                            "carrier": {
                                "description": "Company that provides mobile services on your device",
                                "title": "Carrier",
                                "type": "string"
                            },
                            "os": {
                                "description": "iOS or Android for mobile and W3CBrowser for browser",
                                "title": "OS",
                                "type": "string"
                            },
                            "timezone": {
                                "description": "Timezone of your device in GMT",
                                "title": "Timezone",
                                "type": "string"
                            },
                            "os_version": {
                                "description": "Operating system version of your device",
                                "title": "OS version",
                                "type": "string"
                            },
                            "name": {
                                "description": "Name of your device",
                                "title": "Device Name",
                                "type": "string"
                            },
                            "model": {
                                "description": "Model of your device",
                                "title": "Model",
                                "type": "string"
                            },
                            "language": {
                                "description": "Language setting of your device",
                                "title": "Language",
                                "type": "string"
                            },
                            "region": {
                                "description": "Region, as identified by your device",
                                "title": "Region",
                                "type": "string"
                            }
                        }
                    }
                }
            }
        }
    },
    "$id": "user_registrations_v10.json"
}