{
    "$schema": "http://json-schema.org/draft-06/schema#",
    "schemaType": "subjectAccessRequest",
    "categoryData": {
        "thirdParty": ["Product does not share your personal information for commercial purposes"],
        "sharedData": ["Product does not share your personal information for commercial purposes"],
        "businessPurpose": [
            "Debugging",
            "Performing services on behalf of Verizon Media"
        ],
        "disclosedData": ["Technical Identifiers"],
        "collectedData": ["Contact Information"],
        "serviceProvider": ["Application Providers"],
        "source": [
            "Verizon Media websites and apps",
            "Verizon Media Analytics Services"
        ],
        "commercialPurpose": ["Product does not share your personal information for commercial purposes"]
    },
    "description": "Poll, quiz, aptitude, debate history, and raffles that I participated.",
    "title": "My poll, quiz, aptitude, debate history, and raffle related data.",
    "properties": {
        "questionnaire": {
            "description": "List of questionnaire you participated.",
            "type": "array",
            "title": "Questionnaire List",
            "items": {
                "type": "object",
                "properties": {
                    "ts_update": {
                        "description": "Timestamp where you answered the questionnaire.",
                        "type": "string",
                        "title": "Questionnaire Update Time"
                    },
                    "questions": {
                        "description": "Your answer(s) to the questionnaire.",
                        "type": "array",
                        "title": "Questionnaire Answer List",
                        "items": {
                            "type": "object",
                            "properties": {
                                "answers": {
                                    "description": "Your answer(s) to the question.",
                                    "type": "array",
                                    "title": "Your Answers",
                                    "items": {
                                        "type": "object",
                                        "properties": {"title": {
                                            "description": "The options you selected.",
                                            "type": "string",
                                            "title": "User Selected Options"
                                        }}
                                    }
                                },
                                "title": {
                                    "description": "Title of the question.",
                                    "type": "string",
                                    "title": "Question Title"
                                }
                            }
                        }
                    },
                    "type": {
                        "description": "Questionnaire type such as quiz, poll, or aptitude.",
                        "type": "string",
                        "title": "Questionnaire Type"
                    },
                    "title": {
                        "description": "Main title of the questionnaire.",
                        "type": "string",
                        "title": "Questionnaire Title"
                    }
                }
            }
        },
        "lottery": {
            "description": "List of raffle that a user participated in.",
            "type": "array",
            "title": "Raffle List",
            "items": {
                "type": "object",
                "properties": {
                    "questions": {
                        "description": "User's answers to each question item",
                        "type": "array",
                        "title": "Question List",
                        "items": {
                            "type": "object",
                            "properties": {
                                "answer": {
                                    "description": "Your answer to the question.",
                                    "title": "Your Answer",
                                    "type": "string"
                                },
                                "title": {
                                    "description": "Title of the question.",
                                    "title": "Question",
                                    "type": "string"
                                }
                            }
                        }
                    },
                    "description": {
                        "description": "The description of a lottery event",
                        "title": "Lottery event description",
                        "type": "string"
                    },
                    "title": {
                        "description": "The title of the raffle.",
                        "title": "Raffle Title",
                        "type": "string"
                    }
                }
            }
        },
        "pk_answer_by_user": {
            "description": "List of debates that you have participated.",
            "type": "array",
            "title": "Debate List",
            "items": {
                "type": "object",
                "properties": {
                    "ts_update": {
                        "description": "Time when a comment or rating was updated.",
                        "title": "Update Time",
                        "type": "string"
                    },
                    "comment_message": {
                        "description": "Comment you left on a target message.",
                        "title": "My Comment",
                        "type": "string"
                    },
                    "target_message": {
                        "description": "A comment that you replied to or rated.",
                        "title": "Target Message",
                        "type": "string"
                    },
                    "rating_value": {
                        "description": "An upvote (1) or downvote (0) that you left against a comment.",
                        "title": "Reaction Flag",
                        "type": "number"
                    },
                    "answer_title": {
                        "description": "The debate side you have chosen.",
                        "title": "Debate Side",
                        "type": "string"
                    },
                    "review_message": {
                        "description": "The comment you left relating to your chosen debate side.",
                        "title": "Debate Comment",
                        "type": "string"
                    },
                    "title": {
                        "description": "The main title of the debate.",
                        "title": "Debate Title",
                        "type": "string"
                    }
                }
            }
        }
    },
    "$id": "http://www.yahoo.com/smartcontent_schema_v4#"
}