{"data": {"pages": [
    {
        "name": "My Main Page",
        "theme": "Classic My",
        "sections": [
            {"name": "Today"},
            {
                "name": "News Reader",
                "url": "http://uw.abs-cbnnews.com/rss.aspx"
            },
            {
                "name": "News Reader",
                "url": "http://rss.news.yahoo.com/rss/entertainment"
            },
            {
                "name": "News Reader",
                "url": "http://www.gmanews.tv/breaking/rss"
            },
            {
                "name": "News Reader",
                "url": "http://rss.news.yahoo.com/rss/techblog"
            }
        ]
    },
    {
        "name": "The Best of My Yahoo!",
        "theme": "Classic My",
        "sections": [
            {"name": "My Mail"},
            {"name": "My Mail"},
            {
                "name": "News Reader",
                "url": "http://rss.ew.com/web/ew/rss/media/yahoo/metro/latestnews/index.xml"
            },
            {
                "name": "News Reader",
                "url": "http://online.wsj.com/internal/wsjMyYahooRssFeed.xml"
            },
            {"name": "To Do"},
            {
                "name": "News Reader",
                "url": "http://travel.yahoo.com/my/farechase_rss.php"
            },
            {
                "name": "News Reader",
                "url": "http://travel.yahoo.com/my/destspotlight_rss.php"
            },
            {"name": "Calendar"},
            {"name": "My Portfolio"},
            {
                "name": "News Reader",
                "url": "http://www.nytimes.com/services/xml/rss/yahoo/myyahoo/nyt_yahoo.xml"
            },
            {
                "settings": {"scale": "f"},
                "name": "Weather"
            },
            {"name": "Bookmarks"},
            {
                "settings": {"league": ""},
                "name": "Scoreboard"
            },
            {
                "name": "News Reader",
                "url": "http://www.myyblog.com/blog/wp-rss2.php"
            },
            {"name": "Horoscope"}
        ]
    }
]}}