{
    "$schema": "http://json-schema.org/draft-06/schema#",
    "schemaType": "subjectAccessRequest",
    "categoryData": {
        "thirdParty": ["Product does not share your personal information for commercial purposes"],
        "sharedData": ["Product does not share your personal information for commercial purposes"],
        "businessPurpose": ["Performing services on behalf of Verizon Media"],
        "disclosedData": ["Product does not disclose your personal information for business purposes"],
        "collectedData": ["Internet or Electronic Network Activity Information"],
        "serviceProvider": ["Product does not disclose your personal information for business purposes"],
        "source": ["Verizon Media websites and apps"],
        "commercialPurpose": ["Product does not share your personal information for commercial purposes"],
        "productName": "My Yahoo!"
    },
    "description": "Your settings and customization on My Yahoo!",
    "title": "My Yahoo! Data",
    "properties": {"pages": {
        "description": "My Yahoo! Pages, Modules and Settings",
        "type": "array",
        "title": "Pages on My Yahoo!",
        "items": {
            "description": "Details of the page",
            "type": "object",
            "title": "My Yahoo! Page",
            "properties": {
                "name": {
                    "description": "Name of the page",
                    "type": "string",
                    "title": "Page Name"
                },
                "theme": {
                    "description": "The theme used on the page",
                    "type": "string",
                    "title": "Theme Name"
                },
                "sections": {
                    "description": "Content sections added on the page",
                    "type": "array",
                    "title": "Content Sections on the Page",
                    "items": {
                        "description": "Details about the content section",
                        "type": "object",
                        "title": "Content Section",
                        "properties": {
                            "settings": {
                                "description": "The settings for the section",
                                "type": "object",
                                "title": "Section Settings",
                                "properties": {
                                    "mails": {
                                        "description": "You have a linked gmail account",
                                        "title": "Linked Gmail Account"
                                    },
                                    "default": {
                                        "description": "The default option you selected",
                                        "type": "string",
                                        "title": "Default option"
                                    },
                                    "folders": {
                                        "description": "The list of bookmark folders",
                                        "type": "array",
                                        "title": "Bookmark Folders",
                                        "items": {
                                            "description": "The bookmark folder",
                                            "type": "object",
                                            "title": "Folder",
                                            "properties": {
                                                "bookmarks": {
                                                    "description": "The list of bookmark in the folder",
                                                    "type": "array",
                                                    "title": "Bookmarks in the Folder",
                                                    "items": {
                                                        "description": "The bookmark in the folder",
                                                        "type": "object",
                                                        "title": "Bookmark",
                                                        "properties": {
                                                            "name": {
                                                                "description": "The name of the bookmark",
                                                                "type": "string",
                                                                "title": "Bookmark Name"
                                                            },
                                                            "url": {
                                                                "description": "URL of the bookmarked site",
                                                                "type": "string",
                                                                "title": "URL"
                                                            }
                                                        }
                                                    }
                                                },
                                                "name": {
                                                    "description": "The name of the folder",
                                                    "type": "string",
                                                    "title": "Folder Name"
                                                }
                                            }
                                        }
                                    },
                                    "size": {
                                        "description": "The maximum number of items to show in the section",
                                        "type": "number",
                                        "title": "Number of Items to Show"
                                    },
                                    "league": {
                                        "description": "The name of league you selected",
                                        "title": "League Name"
                                    },
                                    "sign": {
                                        "description": "The Zodiac Sign you selected",
                                        "type": "string",
                                        "title": "Zodiac Sign"
                                    },
                                    "scale": {
                                        "description": "The temperature scale you selected, either Fahrenheit or Celsius",
                                        "type": "string",
                                        "title": "Temperature Scale"
                                    },
                                    "categories": {
                                        "description": "Categories you selected",
                                        "type": "array",
                                        "title": "Youtube Categories",
                                        "items": [{
                                            "description": "The name of the category",
                                            "type": "string",
                                            "title": "Youtube Category"
                                        }]
                                    },
                                    "viewMode": {
                                        "description": "The amount of information to show per item",
                                        "type": "string",
                                        "title": "View Mode"
                                    }
                                }
                            },
                            "name": {
                                "description": "The name of the section",
                                "type": "string",
                                "title": "Section Name"
                            },
                            "url": {
                                "description": "URL of the RSS feed",
                                "type": "string",
                                "title": "RSS URL"
                            }
                        }
                    }
                }
            }
        }
    }},
    "$id": "http://www.yahoo.com/myyahoo_subject_schema-v1.0.2#"
}