{
    "$schema": "http://json-schema.org/draft-06/schema#",
    "categoryData": {
        "thirdParty": ["Product does not share your personal information for commercial purposes"],
        "sharedData": ["Product does not share your personal information for commercial purposes"],
        "businessPurpose": [
            "Auditing",
            "Security",
            "Debugging",
            "Short-term, transient use",
            "Performing services on behalf of Verizon Media",
            "Research",
            "Quality Assurance and Service Improvements"
        ],
        "disclosedData": [
            "Contact Information",
            "Technical Identifiers"
        ],
        "collectedData": [
            "Government Identifiers",
            "Contact Information",
            "Technical Identifiers",
            "Geolocation Information",
            "Advertising Inferences",
            "Content Inferences"
        ],
        "serviceProvider": ["Application Providers"],
        "source": [
            "Verizon Media websites and apps",
            "Verizon Media Analytics Services"
        ],
        "commercialPurpose": ["Product does not share your personal information for commercial purposes"]
    },
    "schemaType": "subjectAccessRequest",
    "description": "Your data in Store TW",
    "title": "Store TW Data",
    "properties": {"orderList": {
        "description": "Order list you have placed in 90 days",
        "type": "array",
        "title": "Order list",
        "items": {
            "type": "object",
            "properties": {
                "listings": {
                    "description": "Listings in the order",
                    "type": "string",
                    "title": "Listings"
                },
                "amount": {
                    "description": "The amount of the order",
                    "type": "string",
                    "title": "Amount"
                },
                "orderId": {
                    "description": "Order ID",
                    "type": "string",
                    "title": "Order ID"
                },
                "placedTime": {
                    "description": "Order placed time",
                    "type": "string",
                    "title": "Placed Time"
                },
                "transactionId": {
                    "description": "Transaction ID",
                    "type": "string",
                    "title": "Transaction ID"
                },
                "paymentType": {
                    "description": "Type of payment",
                    "type": "string",
                    "title": "Payment Type"
                },
                "status": {
                    "description": "Order status",
                    "type": "string",
                    "title": "Order Status"
                }
            }
        }
    }},
    "$id": "http://www.yahoo.com/twstore_subject_v3#"
}