{
    "$schema": "http://json-schema.org/draft-06/schema#",
    "schemaType": "subjectAccessRequest",
    "categoryData": {
        "thirdParty": ["Product does not share your personal information for commercial purposes"],
        "sharedData": ["Product does not share your personal information for commercial purposes"],
        "businessPurpose": [
            "Debugging",
            "Performing services on behalf of Verizon Media"
        ],
        "disclosedData": ["Technical Identifiers"],
        "collectedData": [
            "Contact Information",
            "Technical Identifiers"
        ],
        "serviceProvider": ["Application Providers"],
        "source": [
            "Verizon Media websites and apps",
            "Verizon Media Analytics Services"
        ],
        "commercialPurpose": ["Product does not share your personal information for commercial purposes"]
    },
    "description": "APAC Profile subject schema describes user's personal profile, privacy preference, and list of check-in items",
    "title": "APAC Profile GDPR Privacy Dashboard Schema",
    "properties": {
        "checkin": {
            "description": "List of user's check-in items",
            "type": "array",
            "title": "Your Check-In Items",
            "items": {
                "type": "object",
                "properties": {
                    "question": {
                        "description": "The question you have answered on to recieve the check-in.",
                        "type": "string",
                        "title": "Check-In Question"
                    },
                    "answer": {
                        "description": "The answer of the check in question.",
                        "type": "string",
                        "title": "Check-In Answer"
                    },
                    "videoName": {
                        "description": "The live-event video you have reacted on to recieve the check-in.",
                        "type": "string",
                        "title": "Video Name"
                    },
                    "channelName": {
                        "description": "The channel that you have watched to recieve the check-in.",
                        "type": "string",
                        "title": "Channel Name"
                    },
                    "updatedAt": {
                        "description": "Data and time when the user most recently updated the check-in item.",
                        "type": "string",
                        "title": "Last Updated Date"
                    }
                }
            }
        },
        "profile": {
            "description": "Profile of the user.",
            "type": "object",
            "title": "Your Profile",
            "properties": {
                "phoneNumber": {
                    "description": "Phone number of the user.",
                    "type": "string",
                    "title": "Phone Number"
                },
                "address": {
                    "description": "Address of the user.",
                    "type": "string",
                    "title": "Address"
                },
                "gender": {
                    "description": "Gender of the user.",
                    "type": "string",
                    "title": "Gender"
                },
                "educationLevel": {
                    "description": "Highest level of education achieved by the user.",
                    "type": "string",
                    "title": "Education Level"
                },
                "jobTitle": {
                    "description": "Job title of the user.",
                    "type": "string",
                    "title": "Job Title"
                },
                "name": {
                    "description": "The name provided in your local profile.",
                    "type": "string",
                    "title": "Name"
                },
                "location": {
                    "description": "Location of the user.",
                    "type": "string",
                    "title": "Location"
                },
                "ageGroup": {
                    "description": "Age group of the user.",
                    "type": "string",
                    "title": "Age Group"
                },
                "salary": {
                    "description": "Salary of the user.",
                    "type": "string",
                    "title": "Salary"
                },
                "email": {
                    "description": "Email of the user.",
                    "type": "string",
                    "title": "Email"
                }
            }
        },
        "preference": {
            "description": "Privacy preference of the user.",
            "type": "object",
            "title": "Privacy Preference",
            "properties": {
                "ispubFollowingChannels": {
                    "description": "True/False indicator of whether or not the channels that the user follows should be publicly visible.",
                    "type": "string",
                    "title": "User's Privacy Preference on TV Channel Follows"
                },
                "ispubYoucardFollowers": {
                    "description": "TTrue/False indicator of whether or not YouCard followers related to the user should be publicly visible.",
                    "type": "string",
                    "title": "User's privacy preference on followers as a Youcard author"
                },
                "ispubFollowingYoucardrs": {
                    "description": "True/False indicator of whether or not the News itmes that the user follows should be publicly visible.",
                    "type": "string",
                    "title": "User's Privacy Preference on News Items"
                },
                "ispubCheckinBadges": {
                    "description": "True/False indicator of whether or not check-in badges related to the user should be publicly visible.",
                    "type": "string",
                    "title": "User's privacy preference on badges"
                }
            }
        }
    },
    "$id": "http://www.yahoo.com/v1/schemas/profile_v9.schema#"
}