{
    "$schema": "http://json-schema.org/draft-06/schema#",
    "schemaType": "subjectAccessRequest",
    "categoryData": {
        "thirdParty": ["Product does not share your personal information for commercial purposes"],
        "sharedData": ["Product does not share your personal information for commercial purposes"],
        "businessPurpose": [
            "Auditing",
            "Security",
            "Debugging",
            "Short-term, transient use",
            "Performing services on behalf of Verizon Media",
            "Research",
            "Quality Assurance and Service Improvements"
        ],
        "disclosedData": [
            "Contact Information",
            "Internet or Electronic Network Activity Information"
        ],
        "collectedData": [
            "Contact Information",
            "Technical Identifiers",
            "Internet or Electronic Network Activity Information",
            "Content Inferences"
        ],
        "serviceProvider": ["Product does not disclose your personal information for business purposes"],
        "source": [
            "Verizon Media websites and apps",
            "Verizon Media Analytics Services"
        ],
        "commercialPurpose": ["Product does not share your personal information for commercial purposes"]
    },
    "description": "Yahoo Answers user data including information and preferences",
    "title": "Yahoo Answers GDPR Privacy Dashboard Subject Access Schema",
    "definitions": {
        "SavedSearchCollection": {
            "additionalProperties": false,
            "type": "object",
            "properties": {"savedSearch": {
                "description": "List of saved searches",
                "type": "array",
                "title": "Saved Searches",
                "items": {"$ref": "#/definitions/SavedSearch"}
            }}
        },
        "UserStreamAnswerPreference": {
            "additionalProperties": false,
            "type": "object",
            "properties": {
                "savedSearches": {
                    "description": "Saved searches results to be included in answer stream",
                    "type": "array",
                    "title": "Included Saved Searches",
                    "items": {"$ref": "#/definitions/SavedSearch"}
                },
                "includeQuestionsBestAnswered": {
                    "description": "Preference to only include questions have best answer in answer stream",
                    "type": "string",
                    "title": "Only Include Questions Have Best Answer"
                },
                "includeQuestionsFromAllCategories": {
                    "description": "Preference to only include all categories in answer stream",
                    "type": "string",
                    "title": "Include All Categories"
                },
                "includeQuestionsAskedByContacts": {
                    "description": "Preference to include questions asked by my contacts in answer stream",
                    "type": "string",
                    "title": "Include Questions From My Network"
                },
                "categories": {
                    "description": "Categories to be included in answer stream",
                    "type": "array",
                    "title": "Included Categories",
                    "items": {"$ref": "#/definitions/Category"}
                },
                "includeRecommendedQuestions": {
                    "description": "Preference to include recommended questions in answer stream",
                    "type": "string",
                    "title": "Include Recommended Questions For Me"
                }
            }
        },
        "User": {
            "additionalProperties": false,
            "type": "object",
            "properties": {
                "resume": {
                    "description": "Description about yourself provided by you",
                    "type": "string",
                    "title": "About Me"
                },
                "openQuestionCount": {
                    "description": "Number of open questions",
                    "type": "integer",
                    "title": "Open Question Count"
                },
                "votingQuestionCount": {
                    "description": "Number of voting questions",
                    "type": "integer",
                    "title": "Voting Question Count"
                },
                "level": {
                    "description": "Your level",
                    "type": "integer",
                    "title": "Level"
                },
                "created": {
                    "description": "Date on which account was created",
                    "type": "string",
                    "title": "Account Creation Date"
                },
                "bestAnswerPercentage": {
                    "description": "Percentage of your answers that are marked as best answers",
                    "type": "integer",
                    "title": "Best Answers Percentage"
                },
                "bestAnswerCount": {
                    "description": "Number of best answers",
                    "type": "integer",
                    "title": "Best Answer Count"
                },
                "points": {
                    "description": "Your points",
                    "type": "integer",
                    "title": "Points"
                },
                "totalQuestionCount": {
                    "description": "Number of questions asked",
                    "type": "integer",
                    "title": "Questions Count"
                },
                "totalAnswerCount": {
                    "description": "Number of answers provided",
                    "type": "integer",
                    "title": "Answers Count"
                },
                "resolvedQuestionCount": {
                    "description": "Number of resolved questions",
                    "type": "integer",
                    "title": "Resolved Question Count"
                },
                "nickname": {
                    "description": "Your nickname",
                    "type": "string",
                    "title": "Nickname"
                },
                "starsReceived": {
                    "description": "Number of stars received",
                    "type": "integer",
                    "title": "Stars Received"
                },
                "lang": {
                    "description": "Language settings for your account",
                    "type": "string",
                    "title": "Language"
                }
            }
        },
        "Category": {
            "additionalProperties": false,
            "type": "object",
            "properties": {"name": {
                "description": "Name of category",
                "type": "string",
                "title": "Category Name"
            }}
        },
        "SavedSearch": {
            "additionalProperties": false,
            "type": "object",
            "properties": {
                "searchAnswersCount": {
                    "description": "Search only questions with the specific number of answers",
                    "type": "string",
                    "title": "Search Number Of Answers"
                },
                "lastUpdatedDate": {
                    "description": "Last update date of this saved search",
                    "type": "string",
                    "title": "Last Update On"
                },
                "keywords": {
                    "description": "Search keywords",
                    "type": "string",
                    "title": "Keywords"
                },
                "excludeKeywords": {
                    "description": "Words to excluded when searches",
                    "type": "string",
                    "title": "Excluded Keywords"
                },
                "searchScope": {
                    "description": "Keyword match in 'All Q&A', only 'Questions' or only 'Answers'",
                    "type": "string",
                    "title": "Search Scope"
                },
                "exactPhrase": {
                    "description": "Search exactly this phrase",
                    "type": "string",
                    "title": "Search Exact Phrase"
                },
                "name": {
                    "description": "Name of saved search",
                    "type": "string",
                    "title": "Saved Search Name"
                },
                "searchDate": {
                    "description": "Search content that is submitted within",
                    "type": "string",
                    "title": "Search Date"
                },
                "searchState": {
                    "description": "Search only on questions in this status",
                    "type": "string",
                    "title": "Search Question Status"
                },
                "category": {
                    "description": "Search only in this category",
                    "type": "string",
                    "title": "Search Category"
                },
                "filterLang": {
                    "description": "Search only on content from this location",
                    "type": "string",
                    "title": "Location"
                },
                "createDate": {
                    "description": "Date of created this saved search",
                    "type": "string",
                    "title": "Created On"
                }
            }
        },
        "UserStreamDiscoverPreference": {
            "additionalProperties": false,
            "type": "object",
            "properties": {
                "includeNetworkBestAnswers": {
                    "description": "Preference to include questions have best answers from my contacts",
                    "type": "string",
                    "title": "Include Best Answer From My Contacts"
                },
                "includeQuestionsRatedByContacts": {
                    "description": "Preference to include questions rate by contact",
                    "type": "string",
                    "title": "Include Questions Rate By Contact"
                },
                "includeQuestionsAskedByContacts": {
                    "description": "Preference to include questions asked by contact",
                    "type": "string",
                    "title": "Include Questions Asked By Contact"
                },
                "includeQuestionsAnsweredByContacts": {
                    "description": "Preference to include questions answered by contact",
                    "type": "string",
                    "title": "Include Questions Answered By Contact"
                },
                "includeQuestionsFollowedByContacts": {
                    "description": "Preference to include questions follows by contact",
                    "type": "string",
                    "title": "Include Questions Follows By Contact"
                },
                "includePopularQuestions": {
                    "description": "Preference to include popular questions in discover stream",
                    "type": "string",
                    "title": "Include Popular Questions"
                }
            }
        },
        "UserPreference": {
            "additionalProperties": false,
            "type": "object",
            "properties": {
                "restrictNetwork": {
                    "description": "Visibility of my network information",
                    "type": "string",
                    "title": "Visibility Of My Network"
                },
                "allowEmailContact": {
                    "description": "Whether answers community can contact me via email",
                    "type": "string",
                    "title": "Answers Community Can Contact Me Via Email"
                },
                "emailSavedSearches": {
                    "description": "Email me when there are questions for my saved search",
                    "type": "string",
                    "title": "Email When There Are Questions For My Saved Search"
                },
                "restrictActivity": {
                    "description": "Visibility of my questions and answers",
                    "type": "string",
                    "title": "Visibility Of My Questions And Answers"
                },
                "canAddAsFan": {
                    "description": "Whether other users can follow me",
                    "type": "string",
                    "title": "Allow New Followers"
                },
                "emailNewAnswer": {
                    "description": "Email me when my questions get new answers",
                    "type": "string",
                    "title": "Email When My Questions Get New Answers"
                },
                "emailFan": {
                    "description": "Email me when someone becomes my follower",
                    "type": "string",
                    "title": "Email When Someone Becomes My Follower"
                },
                "emailQuestionFromContacts": {
                    "description": "Email me when someone I follow ask a question",
                    "type": "string",
                    "title": "Email When Someone I Follow Ask A Question"
                },
                "emailNews": {
                    "description": "Email me when there are new tips or helpful features",
                    "type": "string",
                    "title": "Email When There Are New Tips Or Helpful Features"
                },
                "allowIMContact": {
                    "description": "Whether answers community can contact me via Yahoo Messenger",
                    "type": "string",
                    "title": "Answers Community Can Contact Me Via Yahoo Messenger"
                }
            }
        },
        "UserStreamNotificationPreference": {
            "additionalProperties": false,
            "type": "object",
            "properties": {
                "ratesAnswer": {
                    "description": "Show on notify stream when anybody rates my answer",
                    "type": "string",
                    "title": "Notify Me When Anybody Rates My Answer"
                },
                "answersQuestion": {
                    "description": "Show on notify stream when anybody answers my question",
                    "type": "string",
                    "title": "Notify Me When Anybody Answers My Question"
                },
                "bestAnswerForFollowedQuestion": {
                    "description": "Show on notify stream when a question you follow has a best answer ",
                    "type": "string",
                    "title": "Notify Me When A Question You Follow Has A Best Answer Chosen"
                },
                "newAnswerInFollowedQuestion": {
                    "description": "Show on notify stream when a question you follow has a new answer",
                    "type": "string",
                    "title": "Notify Me When A Question You Follow Has A New Answer"
                },
                "followsQuestion": {
                    "description": "Show on notify stream when anybody follows my question",
                    "type": "string",
                    "title": "Notify Me When Anybody Follows My Question"
                },
                "bestAnswerAwarded": {
                    "description": "Show on notify stream when anybody wins best answer",
                    "type": "string",
                    "title": "Notify Me When Anybody Wins Best Answer"
                }
            }
        }
    },
    "properties": {
        "savedSearches": {
            "description": "Your saved searches",
            "title": "Saved Searches",
            "$ref": "#/definitions/SavedSearchCollection"
        },
        "userInfo": {
            "description": "Information about yourself",
            "title": "User information",
            "$ref": "#/definitions/User"
        },
        "ugcLinks": {
            "additionalItems": false,
            "type": "array",
            "items": [{
                "description": "Link to download all questions and answers you created",
                "type": "object",
                "title": "Full Download Link",
                "properties": {"link": {
                    "format": "uri",
                    "type": "string"
                }}
            }]
        },
        "discoverStreamPreference": {
            "description": "Preferences of the discover stream in Yahoo Answer homepage",
            "title": "Discover Stream Preference",
            "$ref": "#/definitions/UserStreamDiscoverPreference"
        },
        "preference": {
            "description": "Your preferences",
            "title": "User Preference",
            "$ref": "#/definitions/UserPreference"
        },
        "notificationPreference": {
            "description": "Preferences of the notification stream",
            "title": "Notification Stream Preference",
            "$ref": "#/definitions/UserStreamNotificationPreference"
        },
        "answersStreamPreference": {
            "description": "Preferences of answers stream in Yahoo Answers homepage",
            "title": "Answers Stream Preference",
            "$ref": "#/definitions/UserStreamAnswerPreference"
        }
    },
    "$id": "http://gdpr.answers.yahoo.com/answers-gdpr-access#"
}