{
    "$schema": "http://json-schema.org/draft-06/schema#",
    "categoryData": {
        "thirdParty": ["Product does not share your personal information for commercial purposes"],
        "sharedData": ["Product does not share your personal information for commercial purposes"],
        "businessPurpose": [
            "Auditing",
            "Performing services on behalf of Verizon Media",
            "Research"
        ],
        "disclosedData": [
            "Technical Identifiers",
            "Internet or Electronic Network Activity Information",
            "Geolocation Information",
            "Commercial Information",
            "Advertising Inferences",
            "Content Inferences"
        ],
        "collectedData": [
            "Technical Identifiers",
            "Internet or Electronic Network Activity Information",
            "Geolocation Information",
            "Commercial Information",
            "Advertising Inferences",
            "Content Inferences"
        ],
        "serviceProvider": ["Product does not disclose your personal information for business purposes"],
        "source": [
            "Verizon Media websites and apps",
            "External party websites and apps where Verizon Media technologies serves content or ads or measurement",
            "External Party Data Partners",
            "Verizon Media Analytics Services",
            "Websites, apps or other public sources"
        ],
        "commercialPurpose": ["Product does not share your personal information for commercial purposes"]
    },
    "schemaType": "subjectAccessRequest",
    "description": "Your data related to the ads you saw.",
    "title": "nest_schema",
    "properties": {"user_data": {
        "description": "Events containing user data.",
        "type": "array",
        "title": "User Data",
        "items": [{
            "type": "object",
            "properties": {
                "advertiser": {
                    "description": "The name of the advertiser for this ad.",
                    "type": "string",
                    "title": "Advertiser"
                },
                "page_url": {
                    "description": "The URL of the page where you saw the ad.",
                    "type": "string",
                    "title": "Page URL"
                },
                "event_type": {
                    "description": "The type of ad event recorded. Note that 'imp' indicates an ad view per Oath's definition, while 'view' is an ad view per an industry standard definition.",
                    "type": "string",
                    "title": "Event Type"
                },
                "ad": {
                    "description": "The title of the ad.",
                    "type": "string",
                    "title": "Ad"
                },
                "latitude": {
                    "description": "The latitude of your location when you saw the ad.",
                    "type": "string",
                    "title": "Latitude"
                },
                "publisher": {
                    "description": "The owner of the page where you saw the ad.",
                    "type": "string",
                    "title": "Publisher"
                },
                "user_language": {
                    "description": "Your language as determined by Oath.",
                    "type": "string",
                    "title": "User Language"
                },
                "referrer_url": {
                    "description": "The URL you came from before reaching the page where you saw the ad.",
                    "type": "string",
                    "title": "Referrer URL"
                },
                "landing_page_url": {
                    "description": "The URL you were sent to when you clicked on the ad.",
                    "type": "string",
                    "title": "Landing Page URL"
                },
                "user_agent": {
                    "description": "Your user agent when you saw the ad.",
                    "type": "string",
                    "title": "User Agent"
                },
                "timestamp": {
                    "description": "The date when this ad event occurred (in the UTC timezone).",
                    "type": "string",
                    "title": "Timestamp"
                },
                "longitude": {
                    "description": "The longitude of your location when you saw the ad.",
                    "type": "string",
                    "title": "Longitude"
                }
            }
        }]
    }},
    "$id": "http://www.yahoo.com/nest_schema-2019.11.19.21#"
}