{"user_data": [{"user_attributes": {
    "celebritiesOfInterest": [],
    "purchases": [],
    "engagementByRetailBrand": [{
        "engagement": [{
            "purchases": 1,
            "cohort": "Deal Sites",
            "brand": [{"name": "Shopee"}]
        }],
        "totalPurchases": 1
    }],
    "pointsOfInterestChainVisits": [],
    "pointsOfInterestCategoryVisits": [],
    "couponsReceived": [],
    "publicFiguresOfInterest": [],
    "locationsOfInterest": [],
    "engagementByRetailCohort": [{
        "engagement": [{"cohort": "Deal Sites"}],
        "totalPurchases": 1
    }],
    "pointsOfInterestChainVicinities": [],
    "pointsOfInterestCategoryVicinities": [],
    "financeTickersOfInterest": [],
    "sportsTeamsOfInterest": []
}}]}