{
    "$schema": "http://json-schema.org/draft-06/schema#",
    "schemaType": "subjectAccessRequest",
    "categoryData": {
        "thirdParty": ["Product does not share your personal information for commercial purposes"],
        "sharedData": ["Product does not share your personal information for commercial purposes"],
        "businessPurpose": [
            "Debugging",
            "Short-term, transient use",
            "Performing services on behalf of Verizon Media",
            "Research",
            "Quality Assurance and Service Improvements"
        ],
        "disclosedData": [
            "Technical Identifiers",
            "Geolocation Information",
            "Advertising Inferences",
            "Content Inferences"
        ],
        "collectedData": [
            "Technical Identifiers",
            "Geolocation Information",
            "Advertising Inferences",
            "Content Inferences"
        ],
        "serviceProvider": [
            "Analytics Providers",
            "Content Providers"
        ],
        "source": [
            "Verizon Media websites and apps",
            "Verizon Media Analytics Services",
            "External Party Data Partners"
        ],
        "commercialPurpose": ["Product does not share your personal information for commercial purposes"]
    },
    "description": "Inferred User Information schema",
    "title": "Longitudinal Unified User Profile schema",
    "definitions": {
        "celebrity": {
            "additionalProperties": false,
            "type": "object",
            "properties": {
                "wiki": {
                    "examples": ["Jennifer_Lopez"],
                    "pattern": "^(.*)$",
                    "description": "Celebrity wiki",
                    "title": "Celebrity wiki",
                    "type": "string"
                },
                "name": {
                    "examples": ["Jennifer Lopez"],
                    "pattern": "^(.*)$",
                    "description": "Name of celebrity",
                    "title": "Celebrity name",
                    "type": "string"
                }
            }
        },
        "chain": {
            "additionalProperties": false,
            "type": "object",
            "properties": {
                "weekdayAfternoon": {
                    "default": 0,
                    "examples": [2],
                    "description": "Count of visits / vicinities to chain store by user on weekday afternoon (from noon to 5pm)",
                    "title": "Count of visits / vicinities on weekday afternoon",
                    "type": "integer"
                },
                "weekdayEvening": {
                    "default": 0,
                    "examples": [2],
                    "description": "Count of visits / vicinities to chain store by user on weekday evening (from 5pm to 5am)",
                    "title": "Count of visits / vicinities on weekday evening",
                    "type": "integer"
                },
                "chainName": {
                    "examples": ["Best Buy"],
                    "pattern": "^(.*)$",
                    "description": "Business location chain name",
                    "title": "Chain Name",
                    "type": "string"
                },
                "weekendAfternoon": {
                    "default": 0,
                    "examples": [2],
                    "description": "Count of visits / vicinities to chain store by user on weekend afternoon (from noon to 5pm)",
                    "title": "Count of visits / vicinities on weekend afternoon",
                    "type": "integer"
                },
                "weekdayMorning": {
                    "default": 0,
                    "examples": [2],
                    "description": "Count of visits / vicinities to chain store by user on weekday morning (from 5am to noon)",
                    "title": "Count of visits / vicinities on weekday morning",
                    "type": "integer"
                },
                "weekendEvening": {
                    "default": 0,
                    "examples": [2],
                    "description": "Count of visits / vicinities to chain store by user on weekend evening (from 5pm to 5am)",
                    "title": "Count of visits / vicinities on weekend evening",
                    "type": "integer"
                },
                "totalCount": {
                    "default": 1,
                    "examples": [10],
                    "description": "Total count of visits / vicinities to chain store by user",
                    "title": "Total count of visits / vicinities",
                    "type": "integer"
                },
                "weekendMorning": {
                    "default": 0,
                    "examples": [2],
                    "description": "Count of visits / vicinities to chain store by user on weekend morning (from 5am to noon))",
                    "title": "Count of visits / vicinities on weekend morning",
                    "type": "integer"
                }
            }
        },
        "publicFigure": {
            "additionalProperties": false,
            "type": "object",
            "properties": {
                "wikiId": {
                    "examples": ["Jennifer_Lopez"],
                    "pattern": "^(.*)$",
                    "description": "Public figure wiki ID",
                    "title": "Public figure wiki",
                    "type": "string"
                },
                "name": {
                    "examples": ["Jennifer Lopez"],
                    "pattern": "^(.*)$",
                    "description": "Name of public figure",
                    "title": "Public figure name",
                    "type": "string"
                }
            }
        },
        "mailAttributesBySenderDomain": {
            "additionalProperties": false,
            "type": "object",
            "properties": {
                "earliestExtractedDate": {
                    "examples": ["20181205"],
                    "pattern": "^(20)[0-9]{2}[0-9]{2}[0-9]{2}$",
                    "description": "Earliest date when a coupon was received or purchases were made against the sender domain on user email",
                    "title": "Earliest extraction date for mail attribute for user",
                    "type": "string"
                },
                "lastExtractedDate": {
                    "examples": ["20181222"],
                    "pattern": "^(20)[0-9]{2}[0-9]{2}[0-9]{2}$",
                    "description": "Most recent date when a coupon was received or purchases were made against the sender domain on user email",
                    "title": "Last extraction date for mail attribute for user",
                    "type": "string"
                },
                "extractionCount": {
                    "default": 0,
                    "examples": [10],
                    "description": "Total number of coupons received / purchases made till date against the sender domain on user email",
                    "title": "Total extraction count for mail attribute for user",
                    "type": "integer"
                },
                "senderDomain": {
                    "examples": ["williams-sonoma.com"],
                    "description": "Domain in email from which the user has received coupons or made purchases",
                    "title": "Sender Domain in user email",
                    "type": "string"
                }
            }
        },
        "brandEngagement": {
            "additionalProperties": false,
            "type": "object",
            "properties": {
                "purchases": {
                    "examples": [50],
                    "description": "Number of purchases made in this cohort",
                    "title": "Purchases",
                    "type": "integer"
                },
                "cohort": {
                    "examples": ["Super Store"],
                    "pattern": "^(.*)$",
                    "description": "Retail cohort (or group) that this brand is part of. E.g: Super Store, Entertainment, Electronics etc",
                    "title": "Brand Cohort name",
                    "type": "string"
                },
                "brand": {
                    "default": [],
                    "description": "Names of brands indicating purchases in a Cohort",
                    "title": "Brand names",
                    "type": "array",
                    "items": {"$ref": "#/definitions/brand"}
                }
            }
        },
        "financeTicker": {
            "additionalProperties": false,
            "type": "object",
            "properties": {
                "isDeclared": {
                    "examples": [true],
                    "description": "Has finance ticker symbol been declared in user portfolio / watchlists",
                    "title": "User declared ticker symbol",
                    "type": "boolean"
                },
                "tickerSymbol": {
                    "examples": ["AMZN"],
                    "pattern": "^(.*)$",
                    "description": "Finance stock ticker symbol",
                    "title": "Ticker symbol",
                    "type": "string"
                }
            }
        },
        "cohortEngagement": {
            "additionalProperties": false,
            "type": "object",
            "properties": {"cohort": {
                "examples": ["Super Store"],
                "pattern": "^(.*)$",
                "description": "Retail cohort (or group) that this brand is part of. E.g: Super Store, Entertainment, Electronics etc",
                "title": "Brand Cohort name",
                "type": "string"
            }}
        },
        "engagementByBrand": {
            "additionalProperties": false,
            "type": "object",
            "properties": {
                "engagement": {
                    "default": [],
                    "description": "Users' brand engagement metrics by retail brand",
                    "title": "User Engagement for Brand",
                    "type": "array",
                    "items": {"$ref": "#/definitions/brandEngagement"}
                },
                "totalPurchases": {
                    "examples": [5],
                    "description": "Total purchases made by user",
                    "title": "Total Purchases",
                    "type": "integer"
                }
            }
        },
        "engagementByCohort": {
            "additionalProperties": false,
            "type": "object",
            "properties": {
                "engagement": {
                    "default": [],
                    "description": "Users' brand engagement metrics by retail cohort",
                    "title": "User Engagement for Cohort",
                    "type": "array",
                    "items": {"$ref": "#/definitions/cohortEngagement"}
                },
                "totalPurchases": {
                    "examples": [5],
                    "description": "Total purchases made by user",
                    "title": "Total Purchases",
                    "type": "integer"
                }
            }
        },
        "sportsTeam": {
            "additionalProperties": false,
            "type": "object",
            "properties": {
                "teamWiki": {
                    "examples": ["New_England_Patriots"],
                    "pattern": "^(.*)$",
                    "description": "Sports team wiki",
                    "title": "Sports team wiki",
                    "type": "string"
                },
                "isDeclared": {
                    "examples": [true],
                    "description": "Has sports team  been declared in user favorite teams",
                    "title": "User declared favorite sports team",
                    "type": "boolean"
                },
                "sportLeague": {
                    "examples": ["nfl"],
                    "pattern": "^(.*)$",
                    "description": "Sports team league",
                    "title": "Sports team league",
                    "type": "string"
                }
            }
        },
        "location": {
            "additionalProperties": false,
            "type": "object",
            "properties": {
                "dma": {
                    "examples": ["Los Angeles"],
                    "pattern": "^(.*)$",
                    "description": "DMA (Designated Market Area)",
                    "title": "DMA region name",
                    "type": "string"
                },
                "tags": {
                    "default": [],
                    "uniqueItems": true,
                    "description": "The inferred tag(s) for user location",
                    "title": "location tag(s)",
                    "type": "array",
                    "items": {
                        "type": "string",
                        "enum": [
                            "work",
                            "home",
                            "other"
                        ]
                    }
                }
            }
        },
        "category": {
            "additionalProperties": false,
            "type": "object",
            "properties": {
                "weekdayAfternoon": {
                    "default": 0,
                    "examples": [2],
                    "description": "Count of visits / vicinities to location category by user on weekday afternoon (from noon to 5pm)",
                    "title": "Count of visits / vicinities on weekday afternoon",
                    "type": "integer"
                },
                "weekdayEvening": {
                    "default": 0,
                    "examples": [2],
                    "description": "Count of visits / vicinities to location category by user on weekday evening (from 5pm to 5am)",
                    "title": "Count of visits / vicinities on weekday evening",
                    "type": "integer"
                },
                "weekendAfternoon": {
                    "default": 0,
                    "examples": [2],
                    "description": "Count of visits / vicinities to location category by user on weekend afternoon (from noon to 5pm)",
                    "title": "Count of visits / vicinities on weekend afternoon",
                    "type": "integer"
                },
                "weekdayMorning": {
                    "default": 0,
                    "examples": [2],
                    "description": "Count of visits / vicinities to location category by user on weekday morning (from 5am to noon)",
                    "title": "Count of visits / vicinities on weekday morning",
                    "type": "integer"
                },
                "weekendEvening": {
                    "default": 0,
                    "examples": [2],
                    "description": "Count of visits / vicinities to location category by user on weekend evening (from 5pm to 5am)",
                    "title": "Count of visits / vicinities on weekend evening",
                    "type": "integer"
                },
                "totalCount": {
                    "default": 1,
                    "examples": [10],
                    "description": "Total count of visits / vicinities to location category by user",
                    "title": "Total count of visits / vicinities",
                    "type": "integer"
                },
                "weekendMorning": {
                    "default": 0,
                    "examples": [2],
                    "description": "Count of visits / vicinities to location category by user on weekend morning (from 5am to noon))",
                    "title": "Count of visits / vicinities on weekend morning",
                    "type": "integer"
                },
                "categoryName": {
                    "examples": ["Best Buy"],
                    "pattern": "^(.*)$",
                    "description": "Business location category name ex. Car Rentals, Restaurants, Department Stores etc.",
                    "title": "Category Name",
                    "type": "string"
                }
            }
        },
        "brand": {
            "additionalProperties": false,
            "type": "object",
            "properties": {"name": {
                "examples": ["Best Buy"],
                "pattern": "^(.*)$",
                "description": "Retail brand name",
                "title": "Brand name",
                "type": "string"
            }}
        }
    },
    "properties": {"luup_data": {
        "description": "User attributes data",
        "title": "User attributes data",
        "type": "array",
        "items": {"properties": {"user_attributes": {
            "additionalProperties": false,
            "type": "object",
            "properties": {
                "celebritiesOfInterest": {
                    "default": [],
                    "description": "The inferred celebrities of interest for user",
                    "title": "Celebrities of interest",
                    "type": "array",
                    "items": {"$ref": "#/definitions/celebrity"}
                },
                "purchases": {
                    "default": [],
                    "description": "Purchases related information made by user against sender domain on email",
                    "title": "Purchases made against sender domain on user email",
                    "type": "array",
                    "items": {"$ref": "#/definitions/mailAttributesBySenderDomain"}
                },
                "engagementByRetailBrand": {
                    "default": [],
                    "description": "Users' engagement with brands interpreted by leveraging email purchase receipts for a curated list of domains and companies",
                    "title": "Users' Engagement by Retail Brand",
                    "type": "array",
                    "items": {"$ref": "#/definitions/engagementByBrand"}
                },
                "pointsOfInterestChainVisits": {
                    "default": [],
                    "description": "Counts per time periods of day of visits to business location chains frequented by user",
                    "title": "Visits to business location chains frequented by user",
                    "type": "array",
                    "items": {"$ref": "#/definitions/chain"}
                },
                "pointsOfInterestCategoryVisits": {
                    "default": [],
                    "description": "Counts per time periods of day of visits to business location categories frequented by user",
                    "title": "Visits to business location categories frequented by user",
                    "type": "array",
                    "items": {"$ref": "#/definitions/category"}
                },
                "couponsReceived": {
                    "default": [],
                    "description": "Coupons related information received by user against sender domain on email",
                    "title": "Coupons received from sender domain on user email",
                    "type": "array",
                    "items": {"$ref": "#/definitions/mailAttributesBySenderDomain"}
                },
                "publicFiguresOfInterest": {
                    "default": [],
                    "description": "The inferred public figures of interest for user",
                    "title": "Public Figures of interest",
                    "type": "array",
                    "items": {"$ref": "#/definitions/publicFigure"}
                },
                "locationsOfInterest": {
                    "default": [],
                    "description": "The inferred locations of interest for user",
                    "title": "Locations of interest",
                    "type": "array",
                    "items": {"$ref": "#/definitions/location"}
                },
                "engagementByRetailCohort": {
                    "default": [],
                    "description": "Users' engagement with cohorts interpreted by leveraging email purchase receipts for a curated list of domains and companies",
                    "title": "Users' Engagement by Retail Cohort",
                    "type": "array",
                    "items": {"$ref": "#/definitions/engagementByCohort"}
                },
                "pointsOfInterestChainVicinities": {
                    "default": [],
                    "description": "Counts per time periods of day of vicinities to business location chains frequented by user",
                    "title": "Vicinities to business location chains frequented by user",
                    "type": "array",
                    "items": {"$ref": "#/definitions/chain"}
                },
                "pointsOfInterestCategoryVicinities": {
                    "default": [],
                    "description": "Counts per time periods of day of vicinities to business location categories frequented by user",
                    "title": "Vicinities to business location categories frequented by user",
                    "type": "array",
                    "items": {"$ref": "#/definitions/category"}
                },
                "financeTickersOfInterest": {
                    "default": [],
                    "description": "The inferred financial ticker symbols of interest for  user",
                    "title": "Finance ticker symbols of interest",
                    "type": "array",
                    "items": {"$ref": "#/definitions/financeTicker"}
                },
                "sportsTeamsOfInterest": {
                    "default": [],
                    "description": "The inferred sports teams of interest for user",
                    "title": "Sports teams of interest",
                    "type": "array",
                    "items": {"$ref": "#/definitions/sportsTeam"}
                }
            }
        }}}
    }},
    "$id": "http://www.yahoo.com/urs_longitudinal_user_profile_schema_v5#"
}