{
    "user_service": {},
    "fantasy_chat": {},
    "imageuploader": {},
    "daily_fantasy": {},
    "sports_site": {
        "gamePicks": null,
        "gameCheckins": null,
        "watchlistPreferences": [],
        "rivalsFavoriteProspects": [],
        "rivalsFavoriteVideos": [],
        "ufcPpvPreferences": null,
        "myTeams": [""],
        "favoriteTeams": [],
        "backgroundTheme": null
    },
    "full_fantasy": {},
    "sports_app": {},
    "fantasy_slate": {},
    "sports_wallet": {}
}