{
    "preciseGeolocation": {
        "modifiedTime": "2018-04-13T09:00:30Z",
        "status": 1
    },
    "oathAsThirdParty": {
        "modifiedTime": "2018-04-13T09:00:30Z",
        "status": 1
    },
    "allowHumansToReadEmails": {
        "modifiedTime": "2018-04-13T09:00:30Z",
        "status": 0
    },
    "accountMatching": {
        "modifiedTime": "2018-04-13T09:00:30Z",
        "status": 1
    },
    "crossDeviceMapping": {
        "modifiedTime": "2018-04-13T09:00:30Z",
        "status": 1
    },
    "contentPersonalization": {
        "modifiedTime": "2018-04-13T09:00:30Z",
        "status": 1
    },
    "nonEuConsent": {
        "modifiedTime": "2018-04-13T09:00:30Z",
        "status": 1
    },
    "searchHistory": {
        "modifiedTime": "2018-04-13T09:00:30Z",
        "status": 1
    },
    "firstPartyAds": {
        "modifiedTime": "2018-04-13T09:00:30Z",
        "status": 1
    },
    "analysisOfCommunications": {
        "modifiedTime": "2018-04-13T09:00:30Z",
        "status": 1
    },
    "sellPersonalInformation": {
        "modifiedTime": "2018-04-13T09:00:30Z",
        "status": 1
    }
}