{
    "$schema": "http://json-schema.org/draft-06/schema#",
    "schemaType": "subjectAccessRequest",
    "description": "Global User Consent Events",
    "title": "GUCE",
    "type": "object",
    "definitions": {"consentData": {
        "type": "object",
        "properties": {
            "modifiedTime": {
                "description": "Time at which the status is last modified. The time is expressed as Coordinated Universal Time (UTC) in ISO 8601 format",
                "title": "Last Modified Time",
                "type": "string"
            },
            "status": {
                "description": "Value of '0' indicates opted out status and value of '1' indicates opted in status",
                "title": "Status",
                "type": "integer"
            }
        }
    }},
    "properties": {
        "preciseGeolocation": {
            "description": "This preference of the users allows Oath to use their precise geolocation information outside of the geo-related product features such as for ad targeting in non-Oath apps.",
            "title": "Precise Geolocation Oath Wide Use",
            "$ref": "#/definitions/consentData"
        },
        "oathAsThirdParty": {
            "description": "This preference of users allows Oath third-party products to process their data for advertising and analytics on sites other than Oath.",
            "title": "Oath as 3rd Party Consent",
            "$ref": "#/definitions/consentData"
        },
        "accountMatching": {
            "description": "This preference of the users allows Oath to use their registration details to match their account information with third parties.",
            "title": "Account Matching",
            "$ref": "#/definitions/consentData"
        },
        "coreEuConsent": {
            "description": "This preference of the users indicates that they have received information about Oath\u2019s general data processing under Oath's contractual necessities or legitimate interests and have provided consent for Oath to user local storage on their device.",
            "title": "Core EU Consent",
            "$ref": "#/definitions/consentData"
        },
        "crossDeviceMapping": {
            "description": "This preference of the users allows Oath to leverage their devices in a cross-device mapping.",
            "title": "Cross-Device Mapping",
            "$ref": "#/definitions/consentData"
        },
        "contentPersonalization": {
            "description": "This preference of the users allows Oath to serve content personalized to them based on their individual history and/or perceived interests.",
            "title": "Content Personalization",
            "$ref": "#/definitions/consentData"
        },
        "nonEuConsent": {
            "description": "This preference of the users indicates that they have accepted Oath\u2019s new Terms of Service and Privacy Policy.",
            "title": "Oath Terms and Privacy Policy",
            "$ref": "#/definitions/consentData"
        },
        "searchHistory": {
            "description": "This preference of the users allows Oath to use their search history for any personalization purposes.",
            "title": "Search History Use",
            "$ref": "#/definitions/consentData"
        },
        "analysisOfCommunications": {
            "description": "This preference of the users allows Oath to analysis the content of their communications and extract information that may be used for commercial purposes such as ad targeting.",
            "title": "Analysis of Communications for Commercial Purposes",
            "$ref": "#/definitions/consentData"
        },
        "firstPartyAds": {
            "description": "This preference of the users allows Oath to use their activities on Oath to develop personalization profiles for ad targeting on Oath or to receive personalized ads from Oath on Oath O&O experiences.",
            "title": "1st Party Ad Personalization",
            "$ref": "#/definitions/consentData"
        },
        "sellPersonalInformation": {
            "description": "This preference of the users indicates if they have opted out of Oath selling their personal information.",
            "title": "Sell My Personal Information",
            "$ref": "#/definitions/consentData"
        }
    },
    "$id": "http://www.oath.com/guce/consent_data#"
}