{
    "$schema": "http://json-schema.org/draft-06/schema#",
    "schemaType": "subjectAccessRequest",
    "categoryData": {
        "thirdParty": ["Product does not share your personal information for commercial purposes"],
        "sharedData": ["Product does not share your personal information for commercial purposes"],
        "businessPurpose": ["Performing services on behalf of Verizon Media"],
        "disclosedData": ["Product does not disclose your personal information for business purposes"],
        "collectedData": [
            "Internet or Electronic Network Activity Information",
            "Geolocation Information"
        ],
        "serviceProvider": ["Product does not disclose your personal information for business purposes"],
        "source": ["Verizon Media websites and apps"],
        "commercialPurpose": ["Product does not share your personal information for commercial purposes"],
        "productName": "Yahoo News App"
    },
    "description": "Newsroom GDPR Privacy Dashboard Schema",
    "additionalProperties": false,
    "title": "Newsroom GDPR Privacy Dashboard Schema",
    "properties": {
        "bookmarks": {
            "description": "All of your bookmark records",
            "type": "object",
            "title": "Bookmark Records",
            "properties": {"bookmarks": {
                "type": "array",
                "items": [{
                    "description": "Your bookmarks",
                    "type": "object",
                    "title": "Bookmarks",
                    "properties": {"bookmarkTitle": {
                        "description": "The bookmark title",
                        "type": "string",
                        "title": "Bookmark Title"
                    }}
                }]
            }}
        },
        "ugcLinks": {
            "additionalItems": false,
            "type": "array",
            "items": [{
                "description": "Download the images you have uploaded",
                "type": "object",
                "properties": {"link": {
                    "format": "uri",
                    "type": "string"
                }}
            }]
        },
        "topics": {
            "description": "All of the topics that you have created",
            "type": "object",
            "title": "Topics You Created",
            "properties": {
                "followedTopics": {
                    "type": "array",
                    "items": [{
                        "description": "All of the topics that you are following",
                        "type": "object",
                        "title": "Topics You're Following",
                        "properties": {
                            "topicUrl": {
                                "description": "The topic URL",
                                "type": "string",
                                "title": "URL"
                            },
                            "topicImage": {
                                "description": "The topic image",
                                "type": "string",
                                "title": "Image"
                            },
                            "topicTitle": {
                                "description": "The topic title",
                                "type": "string",
                                "title": "Title"
                            }
                        }
                    }]
                },
                "createdTopics": {
                    "type": "array",
                    "items": [{
                        "description": "Created topics",
                        "type": "object",
                        "title": "Created Topics",
                        "properties": {
                            "topicUrl": {
                                "description": "The topic URL",
                                "type": "string",
                                "title": "URL"
                            },
                            "topicImage": {
                                "description": "The topic image URL",
                                "type": "string",
                                "title": "Image URL"
                            },
                            "topicTitle": {
                                "description": "The topic title",
                                "type": "string",
                                "title": "Title"
                            }
                        }
                    }]
                }
            }
        },
        "publishers": {
            "description": "All publishers you are following",
            "type": "object",
            "title": "Publishers Following",
            "properties": {"bookmarks": {
                "type": "array",
                "items": [{
                    "description": "Publishers Following",
                    "type": "object",
                    "title": "Publishers",
                    "properties": {"publisherTitle": {
                        "description": "The Publisher title",
                        "type": "string",
                        "title": "Publisher Title"
                    }}
                }]
            }}
        },
        "categories": {
            "description": "All categories you are following",
            "type": "object",
            "title": "Categories Following",
            "properties": {"bookmarks": {
                "type": "array",
                "items": [{
                    "description": "Categories Following",
                    "type": "object",
                    "title": "Categories",
                    "properties": {"categoryTitle": {
                        "description": "The Category title",
                        "type": "string",
                        "title": "Category Title"
                    }}
                }]
            }}
        },
        "posts": {
            "description": "All of the posts that you have created and liked",
            "type": "object",
            "title": "Your Posts & Likes",
            "properties": {
                "likedPosts": {
                    "type": "array",
                    "items": [{
                        "description": "All of the posts that you have liked",
                        "type": "object",
                        "title": "Your Likes",
                        "properties": {
                            "likeTopicTitle": {
                                "description": "The title of the post topic",
                                "type": "string",
                                "title": "Topic Title"
                            },
                            "likePostTitle": {
                                "description": "The post title",
                                "type": "string",
                                "title": "Post Title"
                            },
                            "likePostUrl": {
                                "description": "The URL of the post",
                                "type": "string",
                                "title": "Post URL"
                            }
                        }
                    }]
                },
                "createdPosts": {
                    "type": "array",
                    "items": [{
                        "description": "All of the posts that you have created",
                        "type": "object",
                        "title": "Your Posts",
                        "properties": {
                            "postUrl": {
                                "description": "The post URL",
                                "type": "string",
                                "title": "URL"
                            },
                            "postBody": {
                                "description": "The post content body",
                                "type": "string",
                                "title": "Body"
                            },
                            "postTopicTitle": {
                                "description": "The post topic title",
                                "type": "string",
                                "title": "Topic Title"
                            },
                            "postTitle": {
                                "description": "The post title",
                                "type": "string",
                                "title": "Title"
                            }
                        }
                    }]
                }
            }
        },
        "notifications": {
            "description": "All of your notification records",
            "type": "object",
            "title": "Notifications History",
            "properties": {"notifications": {
                "type": "array",
                "items": [{
                    "description": "Your notifications",
                    "type": "object",
                    "title": "Notifications",
                    "properties": {
                        "notificationMessage": {
                            "description": "The notification message",
                            "type": "string",
                            "title": "Notification Message"
                        },
                        "notificationDateTime": {
                            "description": "The notification time",
                            "type": "string",
                            "title": "Notification Time"
                        }
                    }
                }]
            }}
        }
    },
    "$id": "http://gdpr.newsroom.oath.com/v1/schemas/newsroom_v11"
}