{
    "$schema": "http://json-schema.org/draft-06/schema#",
    "schemaType": "subjectAccessRequest",
    "categoryData": {
        "thirdParty": [
            "Social Button Providers",
            "Content Providers",
            "Search External Parties",
            "Voice and Digital Assistant Providers"
        ],
        "sharedData": [
            "Technical Identifiers",
            "Physical characteristics or description Information",
            "Internet or Electronic Network Activity Information",
            "Geolocation Information"
        ],
        "businessPurpose": [
            "Auditing",
            "Security",
            "Debugging",
            "Short-term, transient use",
            "Performing services on behalf of Verizon Media",
            "Quality Assurance and Service Improvements"
        ],
        "disclosedData": [
            "Technical Identifiers",
            "Physical characteristics or description Information",
            "Internet or Electronic Network Activity Information",
            "Geolocation Information",
            "Audio, Electronic, Visual, Thermal, Olfactory, or Similar Information"
        ],
        "collectedData": [
            "Contact Information",
            "Technical Identifiers",
            "Physical characteristics or description Information",
            "Internet or Electronic Network Activity Information",
            "Geolocation Information",
            "Audio, Electronic, Visual, Thermal, Olfactory, or Similar Information"
        ],
        "serviceProvider": [
            "Analytics Providers",
            "Social Button Providers",
            "Advertising External Parties",
            "Content Providers",
            "Search External Parties",
            "Voice and Digital Assistant Providers"
        ],
        "source": [
            "Verizon Media websites and apps",
            "External party websites and apps where Verizon Media technologies serves content or ads or measurement",
            "External Party Data Partners"
        ],
        "commercialPurpose": [
            "Delivering Content and Ads",
            "Associating User Activity",
            "Provide VM Services",
            "Provide Contextual Advertising",
            "Provide Targeted Advertising",
            "Provide Personalized Content"
        ]
    },
    "description": "This is schema for User's past searches and User's Search Preferences",
    "additionalProperties": false,
    "title": "Search Subject Access Request schema",
    "properties": {
        "searchHistory": {
            "description": "User's past searches.",
            "type": "array",
            "title": "Search History",
            "items": [{
                "type": "object",
                "required": [
                    "query",
                    "timestamp"
                ],
                "properties": {
                    "query": {
                        "description": "A search query performed in the past.",
                        "type": "string",
                        "title": "Search query"
                    },
                    "clicks": {
                        "description": "Results of the query that user clicked on.",
                        "type": "array",
                        "title": "Results clicked on",
                        "items": [{
                            "type": "object",
                            "properties": {
                                "resultTitle": {
                                    "description": "Title of the result clicked on.",
                                    "type": "string",
                                    "title": "Result Title"
                                },
                                "resultUrl": {
                                    "format": "url",
                                    "description": "URL of the result clicked on.",
                                    "type": "string",
                                    "title": "Result URL"
                                },
                                "clickTime": {
                                    "description": "Time the result was clicked on.",
                                    "type": "string",
                                    "title": "Result click time"
                                }
                            }
                        }]
                    },
                    "timestamp": {
                        "description": "Time of the search in UTC.",
                        "type": "string",
                        "title": "Time of the search"
                    }
                }
            }]
        },
        "searchPreferences": {
            "description": "User's Search Preferences",
            "additionalProperties": false,
            "type": "object",
            "title": "Search Preferences",
            "properties": {
                "site": {
                    "description": "Always take me to the site for the country I select.",
                    "type": "string",
                    "title": "Country preference"
                },
                "openResults": {
                    "description": "Choose where search results open. [Values: '0' - 'In current tab'; '1' - 'In new tab']",
                    "type": "string",
                    "title": "Open search results"
                },
                "searchScan": {
                    "description": "Alert me to websites indicated as potentially harmful. [Values: '0' - 'No alerts'; '2' - 'Alert me']",
                    "type": "string",
                    "title": "Search scan"
                },
                "selectedLanguages": {
                    "description": "List of languages selected for search results.",
                    "type": "array",
                    "title": "Selected languages",
                    "items": [{
                        "description": "Language selected.",
                        "type": "string",
                        "title": "Language"
                    }]
                },
                "openResultsOverride": {
                    "description": "Override where search results open. [Values: '0' - 'In current tab'; '1' - 'In new tab']",
                    "type": "string",
                    "title": "Override for open search results"
                },
                "personalResults": {
                    "description": "Personal results help you to find the relevant and important information from your Yahoo Mail. These results are shown only to you [Values: '0' - 'Personal results Off'; '1' - 'Personal results On']",
                    "type": "string",
                    "title": "Personal Results"
                },
                "numResults": {
                    "description": "Maximum number of results per page.",
                    "type": "string",
                    "title": "Results per Page"
                },
                "userset": {
                    "description": "Indicate if user has changed their preferences from the default values. [Values: '0' - 'No'; '1' - 'Yes']",
                    "type": "string",
                    "title": "Preferences changed"
                },
                "safeSearch": {
                    "description": "SafeSearch helps you avoid explicit content in Search results. We can't catch everything, but the filter helps keep adult content out. [Values: '0' - 'Off - do not filter results'; '1' - 'Moderate - no adult images or video'; '2' - 'Strict - no adult content']",
                    "type": "string",
                    "title": "Safe search"
                },
                "version": {
                    "description": "Version of Preferences schema.",
                    "type": "string",
                    "title": "Schema version"
                },
                "useSelectedLanguages": {
                    "description": "Indicates if search results should be in selected languages or any languages. [Values: '0' - 'Search results in any language'; '1' - 'Search results in selected language(s)']",
                    "type": "string",
                    "title": "Selected or any languages"
                },
                "personalResultsTimestamp": {
                    "description": "Timestamp of changing personal results preference to 0",
                    "type": "string",
                    "title": "Personal Results Timestamp"
                }
            }
        }
    },
    "$id": "http://gdpr.search.yahoo.com/search_access_schema_v0.9#"
}