{
    "inferredPreferableCategories": {
        "twAuctionInferredPreferableCategories": [],
        "twShoppingInferredPreferableCategories": [],
        "twMarketplaceInferredPreferableCategories": [],
        "hkAuctionInferredPreferableCategories": []
    },
    "browsingHistory": {
        "hkAuctionBrowsedRecords": [],
        "twMarketplaceBrowsedRecords": [],
        "twAuctionBrowsedRecords": [],
        "twMediaCommunityBrowsedRecords": [],
        "twShoppingBrowsedRecords": []
    }
}