{
    "$schema": "http://json-schema.org/draft-06/schema#",
    "schemaType": "subjectAccessRequest",
    "categoryData": {
        "thirdParty": ["Product does not share your personal information for commercial purposes"],
        "sharedData": ["Product does not share your personal information for commercial purposes"],
        "businessPurpose": [
            "Short-term, transient use",
            "Performing services on behalf of Verizon Media",
            "Research"
        ],
        "disclosedData": ["Product does not disclose your personal information for business purposes"],
        "collectedData": [
            "Technical Identifiers",
            "Physical characteristics or description Information",
            "Internet or Electronic Network Activity Information",
            "Geolocation Information",
            "Commercial Information",
            "Advertising Inferences",
            "Content Inferences"
        ],
        "serviceProvider": ["Product does not disclose your personal information for business purposes"],
        "source": ["Verizon Media websites and apps"],
        "commercialPurpose": ["Product does not share your personal information for commercial purposes"]
    },
    "description": "Your interests which are generated from different sources and finally used in Shopping Recommendation",
    "title": "Interest Categories (Shopping)",
    "definitions": {"EcBrowsedRecord": {
        "additionalProperties": false,
        "type": "object",
        "properties": {
            "product": {
                "description": "Name of the browsed product",
                "type": "string",
                "title": "Product Name"
            },
            "id": {
                "description": "ID of the browsed product",
                "type": "string",
                "title": "Product ID"
            }
        }
    }},
    "properties": {
        "inferredPreferableCategories": {
            "description": "Your inferred preferable categories that are deduced from your behaviour in different sources. Note that if a category is not available through the website, it is not shown below because no readable name is provided",
            "additionalProperties": false,
            "title": "Inferred Preferable Categories",
            "type": "object",
            "properties": {
                "twAuctionInferredPreferableCategories": {
                    "description": "List of inferred preferable categories that are deduced from your behavior in TW Auction",
                    "title": "TW Auction Inferred Preferable Categories",
                    "type": "array",
                    "items": {
                        "type": "string",
                        "title": "Category Name"
                    }
                },
                "twShoppingInferredPreferableCategories": {
                    "description": "List of inferred preferable categories that are deduced from your behavior in TW Shopping",
                    "title": "TW Shopping Inferred Preferable Categories",
                    "type": "array",
                    "items": {
                        "type": "string",
                        "title": "Category Name"
                    }
                },
                "twMarketplaceInferredPreferableCategories": {
                    "description": "List of inferred preferable categories that are deduced from your behavior in TW Marketplace",
                    "title": "TW Marketplace Inferred Preferable Categories",
                    "type": "array",
                    "items": {
                        "type": "string",
                        "title": "Category Name"
                    }
                },
                "hkAuctionInferredPreferableCategories": {
                    "description": "List of inferred preferable categories that are deduced from your behavior in HK Auction",
                    "title": "HK Auction Inferred Preferable Categories",
                    "type": "array",
                    "items": {
                        "type": "string",
                        "title": "Category Name"
                    }
                }
            }
        },
        "browsingHistory": {
            "description": "Your browsing history collected from your behavior in different sources. Note that if an article or post is not available through the website, no link will be provided.",
            "additionalProperties": false,
            "title": "Browsing History",
            "type": "object",
            "properties": {
                "hkAuctionBrowsedRecords": {
                    "description": "List of browsed products collected from your behavior in HK Auction",
                    "title": "HK Auction Browsed Records",
                    "type": "array",
                    "items": {"$ref": "#/definitions/EcBrowsedRecord"}
                },
                "twMarketplaceBrowsedRecords": {
                    "description": "List of browsed products collected from your behavior in TW Marketplace",
                    "title": "TW Marketplace Browsed Records",
                    "type": "array",
                    "items": {"$ref": "#/definitions/EcBrowsedRecord"}
                },
                "twAuctionBrowsedRecords": {
                    "description": "List of browsed products collected from your behavior in TW Auction",
                    "title": "TW Auction Browsed Records",
                    "type": "array",
                    "items": {"$ref": "#/definitions/EcBrowsedRecord"}
                },
                "twMediaCommunityBrowsedRecords": {
                    "description": "List of browsed articles or posts collected from your behavior in TW Community Stream",
                    "title": "TW Media Community Browsed Records",
                    "type": "array",
                    "items": {"type": "string"}
                },
                "twShoppingBrowsedRecords": {
                    "description": "List of browsed products collected from your behavior in TW Shopping",
                    "title": "TW Shopping Browsed Records",
                    "type": "array",
                    "items": {"$ref": "#/definitions/EcBrowsedRecord"}
                }
            }
        }
    },
    "$id": "http://ec-science.oath.com/subject_schema_v2#"
}