{
    "Campaign Response": {"Campaign Responses - all but Daily Yahoo": [
        {"Campaign Date": "2016-11-22"},
        {"Campaign Date": "2017-03-14"},
        {
            "Campaign Date": "2017-03-15",
            "Emails Opened": 1,
            "Click Responses": 1
        },
        {"Campaign Date": "2017-03-29"},
        {"Campaign Date": "2017-08-30"},
        {"Campaign Date": "2017-11-02"},
        {"Campaign Date": "2018-01-05"},
        {
            "Campaign Date": "2018-01-09",
            "Emails Opened": 2,
            "Click Responses": 1
        },
        {"Campaign Date": "2018-01-12"},
        {
            "Campaign Date": "2018-01-14",
            "Emails Opened": 1
        },
        {"Campaign Date": "2018-01-19"},
        {
            "Campaign Date": "2018-01-21",
            "Emails Opened": 2,
            "Click Responses": 2
        },
        {"Campaign Date": "2018-02-02"},
        {"Campaign Date": "2018-02-09"},
        {"Campaign Date": "2018-02-23"},
        {"Campaign Date": "2018-04-03"}
    ]},
    "Android Device": "true",
    "Best Product Offer": "Finance",
    "Apple Device": "false",
    "Yahoo Network Activity": "Yes"
}