{
    "$schema": "http://json-schema.org/draft-06/schema#",
    "schemaType": "subjectAccessRequest",
    "categoryData": {
        "thirdParty": ["Product does not share your personal information for commercial purposes"],
        "sharedData": ["Product does not share your personal information for commercial purposes"],
        "businessPurpose": [
            "Debugging",
            "Performing services on behalf of Verizon Media"
        ],
        "disclosedData": ["Technical Identifiers"],
        "collectedData": [
            "Contact Information",
            "Technical Identifiers"
        ],
        "serviceProvider": ["Application Providers"],
        "source": [
            "Verizon Media websites and apps",
            "Verizon Media Analytics Services"
        ],
        "commercialPurpose": ["Product does not share your personal information for commercial purposes"]
    },
    "description": "List of contents you liked",
    "title": "Content List",
    "properties": {"contents": {
        "description": "List of contents you liked.",
        "type": "array",
        "title": "Content List",
        "items": {
            "type": "object",
            "properties": {
                "update_ts": {
                    "description": "Date and time you liked this content.",
                    "type": "string",
                    "title": "Content Liked Date"
                },
                "title": {
                    "description": "Summary of this content.",
                    "type": "string",
                    "title": "Content Summary"
                }
            }
        }
    }},
    "$id": "http://www.yahoo.com/v1/schemas/youcard_v6.schema#"
}