{
    "$schema": "http://json-schema.org/draft-06/schema#",
    "schemaType": "subjectAccessRequest",
    "categoryData": {
        "thirdParty": ["Product does not share your personal information for commercial purposes"],
        "sharedData": ["Product does not share your personal information for commercial purposes"],
        "businessPurpose": ["Performing services on behalf of Verizon Media"],
        "disclosedData": ["Product does not disclose your personal information for business purposes"],
        "collectedData": ["Internet or Electronic Network Activity Information"],
        "serviceProvider": ["Product does not disclose your personal information for business purposes"],
        "source": ["Verizon Media websites and apps"],
        "commercialPurpose": ["Product does not share your personal information for commercial purposes"],
        "productName": "Yahoo! Homepage"
    },
    "description": "List of publishers/categories that are muted from your Homepage stream and data associated to your notification activity",
    "title": "Your Muted Publishers/Categories and Notification activity",
    "properties": {
        "publishers": {
            "description": "Your Muted Publishers/Categories",
            "type": "object",
            "title": "Publisher Preferences",
            "properties": {"entities": {
                "description": "All muted publishers/categories",
                "type": "array",
                "title": "Muted Publishers/News Categories",
                "items": {
                    "description": "The publisher/category that is muted",
                    "type": "object",
                    "title": "Muted Publisher/Category",
                    "properties": {
                        "date": {
                            "description": "Last Updated Date",
                            "type": "string",
                            "title": "Timestamp"
                        },
                        "name": {
                            "description": "The name of the Publisher/category that is muted",
                            "type": "string",
                            "title": "Publisher/Category Name"
                        }
                    }
                }
            }}
        },
        "notifications": {
            "description": "Your notification activity",
            "type": "object",
            "title": "Notification activity ",
            "properties": {
                "recently_received_count": {
                    "description": "Count of the number of Notifications received recently",
                    "type": "number",
                    "title": "Recent Received Notifications"
                },
                "weighted_entities": {
                    "description": "Weighted entities of interest inferred from past activity",
                    "type": "object",
                    "title": "Entities of Interest"
                },
                "recently_engaged_count": {
                    "description": "Count of the number of Notifications engaged recently",
                    "type": "number",
                    "title": "Recent Engaged Notifications"
                },
                "histogram_daily_engaged": {
                    "description": "Number of Engaged Notifications aggregated by date",
                    "type": "object",
                    "title": "Daily Engaged Notifications"
                },
                "history_engaged": {
                    "description": "History of Notifications engaged",
                    "type": "array",
                    "title": "Engaged Notifications History",
                    "items": {
                        "description": "The details on the notification",
                        "type": "object",
                        "title": "Notification",
                        "properties": {
                            "uuid": {
                                "description": "The underlying content of the notification",
                                "type": "string",
                                "title": "Content ID"
                            },
                            "timestamp": {
                                "description": "The engagement timestamp",
                                "type": "string",
                                "title": "Timestamp"
                            }
                        }
                    }
                },
                "histogram_hourly_received": {
                    "description": "Number of Received Notifications aggregated by the hour of the day",
                    "type": "object",
                    "title": "Hourly Received Notifications"
                },
                "histogram_hourly_engaged": {
                    "description": "Number of Engaged Notifications aggregated by the hour of the day",
                    "type": "object",
                    "title": "Hourly Engaged Notifications"
                },
                "histogram_daily_received": {
                    "description": "Number of Received Notifications aggregated by date",
                    "type": "object",
                    "title": "Daily Received Notifications"
                },
                "history_received": {
                    "description": "History of Notifications received",
                    "type": "array",
                    "title": "Received Notifications History",
                    "items": {
                        "description": "The details on the notification",
                        "type": "object",
                        "title": "Notification",
                        "properties": {
                            "uuid": {
                                "description": "The underlying content of the notification",
                                "type": "string",
                                "title": "Content ID"
                            },
                            "timestamp": {
                                "description": "The reception timestamp",
                                "type": "string",
                                "title": "Timestamp"
                            }
                        }
                    }
                },
                "notification_windows": {
                    "description": "Inferred suitable moments during the day for sending a notification",
                    "type": "object",
                    "title": "Notification Windows"
                }
            }
        }
    },
    "$id": "http://www.yahoo.com/homepage_subject_schema-v1.0.15#"
}