{
    "$schema": "http://json-schema.org/draft-06/schema#",
    "schemaType": "subjectAccessRequest",
    "categoryData": {
        "thirdParty": ["Product does not share your personal information for commercial purposes"],
        "sharedData": ["Product does not share your personal information for commercial purposes"],
        "businessPurpose": ["Product does not collect any personal information"],
        "disclosedData": ["Product does not disclose your personal information for business purposes"],
        "collectedData": [
            "Technical Identifiers",
            "Financial Identifiers",
            "Content Inferences"
        ],
        "serviceProvider": ["Product does not disclose your personal information for business purposes"],
        "source": [
            "Verizon Media websites and apps",
            "External Party Data Partners"
        ],
        "commercialPurpose": ["Product does not share your personal information for commercial purposes"]
    },
    "description": "Your Yahoo Finance Data",
    "title": "Your Yahoo Finance Data",
    "properties": {
        "subscriptions": {
            "description": "User's subscriptions",
            "type": "array",
            "title": "Subscriptions",
            "items": {
                "description": "User Subscription",
                "type": "string",
                "title": "Subscription"
            }
        },
        "stockVisitRecommendations": {
            "description": "User's visit recommendations based on visited symbols",
            "type": "object",
            "title": "Visit Recommendations based on visited symbols",
            "properties": {
                "visitedSymbols": {
                    "description": "User's visited symbols",
                    "type": "array",
                    "title": "Visited symbols",
                    "items": {
                        "description": "A visited symbol",
                        "type": "string",
                        "title": "Visited symbol"
                    }
                },
                "recommendedSymbols": {
                    "description": "Recommended symbols based on visited symbols",
                    "type": "array",
                    "title": "Recommended symbols",
                    "items": {
                        "description": "A recommended symbol",
                        "type": "string",
                        "title": "Recommended symbol"
                    }
                }
            }
        },
        "userPreferences": {
            "description": "Yahoo Finance User Preferences",
            "type": "array",
            "title": "User Preferences",
            "items": {
                "description": "Yahoo Finance User Preference",
                "type": "object",
                "title": "User Preference",
                "properties": {
                    "name": {
                        "description": "The user preference name",
                        "type": "string",
                        "title": "User Preference Name"
                    },
                    "value": {
                        "description": "The user preference value",
                        "type": "string",
                        "title": "User Preference Value"
                    }
                }
            }
        },
        "customAlerts": {
            "description": "User's custom defined alerts",
            "type": "array",
            "title": "Custom alerts",
            "properties": {
                "symbol": {
                    "description": "Symbol of stock which is being alerted on",
                    "type": "string",
                    "title": "Synbol"
                },
                "creationTime": {
                    "description": "Time when the alert was created",
                    "type": "number",
                    "title": "Creation Time"
                },
                "userIdType": {
                    "description": "Type of user identifier",
                    "type": "string",
                    "title": "User Id Type"
                },
                "alertPoint": {
                    "description": "The point at which the alert executed",
                    "type": "number",
                    "title": "Alert Point"
                },
                "threshold": {
                    "description": "Alert threshold price",
                    "type": "number",
                    "title": "Threshold"
                },
                "executed": {
                    "description": "Whether the alert executed",
                    "type": "boolean",
                    "title": "Executed"
                },
                "alertTimestamp": {
                    "description": "Time when the alert executed",
                    "type": "number",
                    "title": "Alert Timestamp"
                },
                "id": {
                    "description": "Unique alert identifier",
                    "type": "string",
                    "title": "ID"
                },
                "type": {
                    "description": "Type of alert",
                    "type": "string",
                    "title": "Type"
                },
                "userId": {
                    "description": "Unique user identifier",
                    "type": "string",
                    "title": "User Id"
                },
                "direction": {
                    "description": "Determines whether the alert will execute above or below the price",
                    "type": "string",
                    "title": "Direction"
                }
            }
        },
        "portfolios": {
            "description": "All portfolios for the user",
            "type": "array",
            "title": "Portfolios",
            "items": {
                "description": "Yahoo Finance Portfolio",
                "type": "object",
                "title": "Portfolio",
                "properties": {
                    "pfName": {
                        "description": "The portfolio name",
                        "type": "string",
                        "title": "Portfolio Name"
                    },
                    "mine": {
                        "description": "Whether the user owns this portfolio or has it via following",
                        "type": "boolean",
                        "title": "Portfolio Ownership"
                    },
                    "lastUpdated": {
                        "description": "The timestamp for when the portfolio was last updated",
                        "type": "string",
                        "title": "Portfolio Last Updated Date"
                    },
                    "linkedAccount": {
                        "description": "A user's identity with an external brokerage",
                        "type": "object",
                        "title": "Linked Account",
                        "properties": {
                            "brokerLongName": {
                                "description": "The broker long name",
                                "type": "string",
                                "title": "Broker Long Name"
                            },
                            "accountName": {
                                "description": "The account name",
                                "type": "string",
                                "title": "Account Name"
                            },
                            "broker": {
                                "description": "The broker name",
                                "type": "string",
                                "title": "Broker"
                            },
                            "accountNumber": {
                                "description": "The account number",
                                "type": "string",
                                "title": "Account Number"
                            }
                        }
                    },
                    "positions": {
                        "description": "All positions in the portfolio",
                        "type": "array",
                        "title": "Positions",
                        "items": {
                            "description": "A position for the portfolio",
                            "type": "object",
                            "title": "Position",
                            "properties": {
                                "lots": {
                                    "description": "The lots of the position",
                                    "type": "array",
                                    "title": "Lots",
                                    "items": {
                                        "description": "A lot for the position",
                                        "type": "object",
                                        "title": "Lot",
                                        "properties": {
                                            "quantity": {
                                                "description": "The quantity purchased",
                                                "type": "number",
                                                "title": "Quantity"
                                            },
                                            "lowLimit": {
                                                "description": "The low limit",
                                                "type": "number",
                                                "title": "Low Limit"
                                            },
                                            "commission": {
                                                "description": "The lot commission",
                                                "type": "number",
                                                "title": "Commission"
                                            },
                                            "comment": {
                                                "description": "The comment",
                                                "type": "string",
                                                "title": "Comment"
                                            },
                                            "tradeDate": {
                                                "description": "The timestamp for when the trade was executed",
                                                "type": "string",
                                                "title": "Trade Date"
                                            },
                                            "purchasePrice": {
                                                "description": "The purchase price",
                                                "type": "number",
                                                "title": "Purchase Price"
                                            },
                                            "highLimit": {
                                                "description": "The high limit",
                                                "type": "number",
                                                "title": "High Limit"
                                            }
                                        }
                                    }
                                },
                                "symbol": {
                                    "description": "The symbol of the instrument",
                                    "type": "string",
                                    "title": "Symbol"
                                }
                            }
                        }
                    },
                    "creationDate": {
                        "description": "The timestamp for when the portfolio was created",
                        "type": "string",
                        "title": "Portfolio Creation Date"
                    },
                    "recommendations": {
                        "description": "Recommended Stocks (Symbols)",
                        "type": "array",
                        "title": "Recommended Stocks",
                        "properties": {"symbol": {
                            "description": "A Recommended symbol",
                            "type": "string",
                            "title": "Symbol"
                        }}
                    },
                    "baseCurrency": {
                        "description": "The base currency of the portfolio",
                        "type": "string",
                        "title": "Portfolio Base Currency"
                    },
                    "cashPosition": {
                        "description": "The cash position of the portfolio",
                        "type": "number",
                        "title": "Portfolio Cash Position"
                    }
                }
            }
        },
        "screeners": {
            "description": "All screeners for the user",
            "type": "array",
            "title": "Screeners",
            "items": {
                "description": "Yahoo Finance Screener",
                "type": "object",
                "title": "Screener",
                "properties": {
                    "description": {
                        "description": "The screener description",
                        "type": "string",
                        "title": "Screener Description"
                    },
                    "filterDescription": {
                        "description": "The filter description",
                        "type": "string",
                        "title": "Filter Description"
                    },
                    "title": {
                        "description": "The screener title",
                        "type": "string",
                        "title": "Screener Title"
                    }
                }
            }
        },
        "views": {
            "description": "All views for the user",
            "type": "array",
            "title": "Views",
            "items": {
                "description": "Yahoo Finance View",
                "type": "object",
                "title": "View",
                "properties": {
                    "sortAscending": {
                        "description": "Order of the sort for each column",
                        "type": "array",
                        "title": "View Column Sort Order",
                        "items": {
                            "description": "Sort Order for Column",
                            "type": "boolean",
                            "title": "Column Sort Order"
                        }
                    },
                    "viewName": {
                        "description": "The view name",
                        "type": "string",
                        "title": "View Name"
                    },
                    "sortColumns": {
                        "description": "Columns the view is sorted on",
                        "type": "array",
                        "title": "View Sort Columns",
                        "items": {
                            "description": "View Column Name",
                            "type": "string",
                            "title": "Column Name"
                        }
                    },
                    "columns": {
                        "description": "Columns selected in the view",
                        "type": "array",
                        "title": "View's Selected Columns",
                        "items": {
                            "description": "View Column Name",
                            "type": "string",
                            "title": "Column Name"
                        }
                    }
                }
            }
        },
        "userNotifications": {
            "description": "User's notifications based on watchlists and portfolios",
            "type": "array",
            "title": "User notifications based on watchlists and portfolios",
            "properties": {
                "notificationTitle": {
                    "description": "Title of notification",
                    "type": "string",
                    "title": "Title"
                },
                "publishTs": {
                    "description": "Timestamp when notification was published",
                    "type": "number",
                    "title": "Timestamp"
                },
                "body": {
                    "description": "Body of the notification",
                    "type": "string",
                    "title": "Body"
                }
            }
        }
    },
    "$id": "http://finance.yahoo.com/subject_schema_v14#"
}