{
    "$schema": "http://json-schema.org/draft-06/schema#",
    "categoryData": {
        "thirdParty": ["Product does not share your personal information for commercial purposes"],
        "sharedData": ["Product does not share your personal information for commercial purposes"],
        "businessPurpose": ["Quality Assurance and Service Improvements"],
        "disclosedData": ["Internet or Electronic Network Activity Information"],
        "collectedData": [
            "Technical Identifiers",
            "Internet or Electronic Network Activity Information",
            "Geolocation Information"
        ],
        "serviceProvider": ["Product does not disclose your personal information for business purposes"],
        "source": [
            "Verizon Media websites and apps",
            "External party websites and apps where Verizon Media technologies serves content or ads or measurement"
        ],
        "commercialPurpose": ["Product does not share your personal information for commercial purposes"]
    },
    "schemaType": "subjectAccessRequest",
    "description": "Feedback you've submitted on ads that you've seen.",
    "title": "adfeedback_schema",
    "properties": {"user_data": {
        "description": "Events containing user data.",
        "type": "array",
        "title": "User Data",
        "items": [{
            "type": "object",
            "properties": {
                "user_feedback": {
                    "description": "Your feedback about the ad.",
                    "type": "string",
                    "title": "feedback"
                },
                "datestamp": {
                    "description": "The date on which feedback was given (in the UTC timezone)",
                    "type": "string",
                    "title": "date"
                },
                "delete_url": {
                    "description": "Follow this link to delete submitted ad feedback",
                    "type": "string",
                    "title": "delete_url"
                },
                "advertiser_name": {
                    "description": "The name of the advertiser",
                    "type": "string",
                    "title": "advertiser_name"
                },
                "landing_page_url": {
                    "description": "The url the ad took you to when clicked (where applicable)",
                    "type": "string",
                    "title": "ad_url"
                }
            }
        }]
    }},
    "$id": "http://www.yahoo.com/adfeedback_schema-2019.11.19.21#"
}