{
    "$schema": "http://json-schema.org/draft-06/schema#",
    "schemaType": "subjectAccessRequest",
    "categoryData": {
        "thirdParty": ["Advertising External Parties"],
        "sharedData": ["Content Inferences"],
        "businessPurpose": [
            "Quality Assurance and Service Improvements",
            "Research"
        ],
        "disclosedData": [
            "Contact Information",
            "Geolocation Information",
            "Content Inferences"
        ],
        "collectedData": [
            "Contact Information",
            "Geolocation Information",
            "Content Inferences"
        ],
        "serviceProvider": [
            "Analytics Providers",
            "Content Providers",
            "Advertising External Parties"
        ],
        "source": [
            "External Party Data Partners",
            "Verizon Media Analytics Services"
        ],
        "commercialPurpose": [
            "Delivering Content and Ads",
            "Provide Targeted Advertising",
            "Provide Personalized Content",
            "Creating Analytics and Reports for External Parties"
        ],
        "productName": "Engagement data"
    },
    "description": "User actions that were logged on \"Oath\" media products",
    "title": "User Engagement Data",
    "properties": {"gdprData": {
        "description": "User actions that were logged on \"Oath\" media products",
        "type": "array",
        "title": "User Engagement Data",
        "items": [{
            "type": "object",
            "properties": {
                "country": {
                    "description": "Country where the user action was logged",
                    "type": "string",
                    "title": "Country"
                },
                "anchor_text": {
                    "description": "The text of the hyperlink",
                    "type": "string",
                    "title": "Anchor text"
                },
                "app_type": {
                    "description": "Type of the mobile app being used",
                    "type": "string",
                    "title": "App type"
                },
                "app_version": {
                    "description": "Mobile app version number",
                    "type": "string",
                    "title": "App version"
                },
                "user_device_type": {
                    "description": "User device type",
                    "type": "string",
                    "title": "User device type"
                },
                "page_title": {
                    "description": "Title of the webpage",
                    "type": "string",
                    "title": "Page title"
                },
                "page_domain_subdirectory": {
                    "description": "Subdirectory part of the webpage URL",
                    "type": "string",
                    "title": "Subdirectory"
                },
                "user_gender": {
                    "description": "User declared gender",
                    "type": "string",
                    "title": "Gender"
                },
                "bitrate": {
                    "description": "Bitrate of the video",
                    "type": "string",
                    "title": "Video bitrate"
                },
                "connectivity_type": {
                    "description": "Device connectivity type",
                    "type": "string",
                    "title": "Connectivity type"
                },
                "social_platform": {
                    "description": "Social platform on which the content was shared",
                    "type": "string",
                    "title": "Social platform"
                },
                "content_title": {
                    "description": "Title of the content viewed",
                    "type": "string",
                    "title": "Content title"
                },
                "closed_caption_on": {
                    "description": "Indicates whether closed captioning was turned on for the video",
                    "type": "string",
                    "title": "Closed caption on"
                },
                "player_visibility_at_start": {
                    "description": "Indicates if the video player was visible at the beginning of page load",
                    "type": "string",
                    "title": "Player visibility"
                },
                "segment": {
                    "description": "Description of the logical user group",
                    "type": "string",
                    "title": "User segment"
                },
                "host": {
                    "description": "Host or domain name of the webpage",
                    "type": "string",
                    "title": "Host"
                },
                "video_viewability": {
                    "description": "Percentage of pixels in the video players view",
                    "type": "string",
                    "title": "Video viewability"
                },
                "ad_delivered": {
                    "description": "Number of ads played before video starts",
                    "type": "string",
                    "title": "Ad delivered"
                },
                "video_pb_request": {
                    "description": "Number of times a video was loaded in the player",
                    "type": "string",
                    "title": "Video playback"
                },
                "image_link": {
                    "description": "URL of the image clicked by the user",
                    "type": "string",
                    "title": "Image link"
                },
                "url_clicked": {
                    "description": "URL clicked by the user",
                    "type": "string",
                    "title": "URL clicked"
                },
                "logged_in": {
                    "description": "Indication whether the user is logged in(1 means user is logged in)",
                    "type": "string",
                    "title": "Logged in"
                },
                "user_age": {
                    "description": "User declared age",
                    "type": "string",
                    "title": "Age"
                },
                "video_starts": {
                    "description": "Number of times a video started playing",
                    "type": "string",
                    "title": "Video start"
                },
                "video_length": {
                    "description": "Length of video, in seconds",
                    "type": "string",
                    "title": "Video length"
                },
                "player_size": {
                    "description": "Width and height of the video player",
                    "type": "string",
                    "title": "Video player size"
                },
                "video_auto_starts": {
                    "description": "Number of times a video playback began without requiring a user initiated click",
                    "type": "string",
                    "title": "Video autostart"
                },
                "social_share_action": {
                    "description": "Type of sharing action",
                    "type": "string",
                    "title": "Social share action"
                },
                "mobile_app_state": {
                    "description": "Indicates the status of the mobile app when the action was logged",
                    "type": "string",
                    "title": "App state"
                },
                "share_url": {
                    "description": "URL of shared content",
                    "type": "string",
                    "title": "Share URL"
                },
                "device_language": {
                    "description": "ISO code for the device language",
                    "type": "string",
                    "title": "Device language"
                },
                "button_text": {
                    "description": "Text of the button clicked",
                    "type": "string",
                    "title": "Button text"
                },
                "region": {
                    "description": "Geographic region where the user action was logged",
                    "type": "string",
                    "title": "Region"
                },
                "refferer_domain": {
                    "description": "Domain that redirected the user to the current webpage",
                    "type": "string",
                    "title": "Referrer domain"
                },
                "video_completes": {
                    "description": "Number of times a video was played until completion",
                    "type": "string",
                    "title": "Video complete"
                },
                "refferer_domain_subdirectory": {
                    "description": "Subdirectory part of the referring URL",
                    "type": "string",
                    "title": "Referrer subdirectory"
                },
                "city": {
                    "description": "City where the user action was logged",
                    "type": "string",
                    "title": "City"
                },
                "alternate_text": {
                    "description": "Alternate text for a link that was clicked",
                    "type": "string",
                    "title": "Alternate text"
                },
                "useragent": {
                    "description": "Description provided by the browser relating to the user browser and operating system",
                    "type": "string",
                    "title": "User agent"
                },
                "ad_starts": {
                    "description": "Number of ads that were started during video playback",
                    "type": "string",
                    "title": "Ad start"
                },
                "platform": {
                    "description": "User device type",
                    "type": "string",
                    "title": "Platform"
                },
                "user_state": {
                    "description": "State where the user action was logged",
                    "type": "string",
                    "title": "State"
                },
                "page_domain": {
                    "description": "Domain part of the webpage URL",
                    "type": "string",
                    "title": "Page domain"
                },
                "operating_system": {
                    "description": "Device operating system",
                    "type": "string",
                    "title": "Operating system"
                },
                "closed_caption_available": {
                    "description": "Indicates whether closed captioning was available for the video",
                    "type": "string",
                    "title": "Closed caption availability"
                },
                "player_render_type": {
                    "description": "Technology platform that renders the player",
                    "type": "string",
                    "title": "Player rendering"
                },
                "video_rebuff_dur": {
                    "description": "Time taken for the video to buffer",
                    "type": "string",
                    "title": "Video buffer time"
                },
                "connection_type": {
                    "description": "Device connection type",
                    "type": "string",
                    "title": "Connection type"
                },
                "os_version": {
                    "description": "Device operating system version",
                    "type": "string",
                    "title": "Operating system version"
                },
                "mobile_app_name": {
                    "description": "Mobile app name in which the user action occurred",
                    "type": "string",
                    "title": "Mobile app"
                },
                "monitor_resolution": {
                    "description": "Device screen resolution",
                    "type": "string",
                    "title": "Monitor resolution"
                },
                "url": {
                    "description": "URL of the webpage",
                    "type": "string",
                    "title": "URL"
                },
                "video_type": {
                    "description": "Type of video viewed",
                    "type": "string",
                    "title": "Video type"
                },
                "video_play_dur": {
                    "description": "Amount of time a video was being played, in seconds",
                    "type": "string",
                    "title": "Video duration"
                },
                "video_cont_play_count": {
                    "description": "Order of the video being played in a playlist",
                    "type": "string",
                    "title": "Sequence number of video"
                },
                "referrer": {
                    "description": "Domain that redirected the user to the current webpage",
                    "type": "string",
                    "title": "Referring domain"
                },
                "video_mute_button": {
                    "description": "Indicates whether the video was muted",
                    "type": "string",
                    "title": "Video mute button"
                },
                "browser_dimensions": {
                    "description": "Width and height of the browser window",
                    "type": "string",
                    "title": "Browser dimensions"
                }
            }
        }]
    }},
    "$id": "maw_schema_v8"
}